target	root	rel_path	size_bytes	last_write	sha256	ext_copied_to
C_TEMP_SPOUT_V04	C:\Temp\Spout-v04	build\SpoutMaskSenderDX11\CMakeCache.txt	14115	2026-02-18 16:08:44	74F1B2525EEC74E7AB0EDC9969A1E560A72E2D34B5766368777027D0FEDBB6CC	Z:\MediaPipe\Working-dir\_drop\spout-v04-snapshots\20260221_132223\files\C_TEMP_SPOUT_V04\build\SpoutMaskSenderDX11\CMakeCache.txt
C_TEMP_SPOUT_V04	C:\Temp\Spout-v04	build\SpoutMaskSenderDX11\CMakeFiles\CMakeConfigureLog.yaml	226622	2026-02-18 16:10:28	9F0BB3AF8B2A5E7B082A86530654AFBDC58D5893953AB3EB3909752E7DD0DE36	Z:\MediaPipe\Working-dir\_drop\spout-v04-snapshots\20260221_132223\files\C_TEMP_SPOUT_V04\build\SpoutMaskSenderDX11\CMakeFiles\CMakeConfigureLog.yaml
C_TEMP_SPOUT_V04	C:\Temp\Spout-v04	build\SpoutMaskSenderDX11\CMakeFiles\4.2.3\CMakeSystem.cmake	395	2026-02-18 16:06:49	5BFDE5E3C20AEEDB180DD5FED3E3D2929CC47CDEDC6EB9BCE2398809322CE5FE	Z:\MediaPipe\Working-dir\_drop\spout-v04-snapshots\20260221_132223\files\C_TEMP_SPOUT_V04\build\SpoutMaskSenderDX11\CMakeFiles\4.2.3\CMakeSystem.cmake
C_TEMP_SPOUT_V04	C:\Temp\Spout-v04	build\SpoutMaskSenderDX11\CMakeFiles\4.2.3\CompilerIdCXX\CMakeCXXCompilerId.cpp	30429	2026-02-18 16:10:28	9E26B0F20786A2D59935F5DDDB7DBECEB54E40F39FFD6996B2FC0E339431808D	Z:\MediaPipe\Working-dir\_drop\spout-v04-snapshots\20260221_132223\files\C_TEMP_SPOUT_V04\build\SpoutMaskSenderDX11\CMakeFiles\4.2.3\CompilerIdCXX\CMakeCXXCompilerId.cpp
C_TEMP_SPOUT_V04	C:\Temp\Spout-v04	build\SpoutMaskSenderDX11_vs\CMakeCache.txt	13455	2026-02-20 12:04:40	B9544D4C2431E9F056224448424BB6607E5B92BC43BD0134FA7565716C6ABA29	Z:\MediaPipe\Working-dir\_drop\spout-v04-snapshots\20260221_132223\files\C_TEMP_SPOUT_V04\build\SpoutMaskSenderDX11_vs\CMakeCache.txt
C_TEMP_SPOUT_V04	C:\Temp\Spout-v04	build\SpoutMaskSenderDX11_vs\cmake_install.cmake	1951	2026-02-20 23:06:50	4030E1C0D53DD9964FFED4016379686C0CD5DB2323454E2B896F4CE0E60C9AAC	Z:\MediaPipe\Working-dir\_drop\spout-v04-snapshots\20260221_132223\files\C_TEMP_SPOUT_V04\build\SpoutMaskSenderDX11_vs\cmake_install.cmake
C_TEMP_SPOUT_V04	C:\Temp\Spout-v04	build\SpoutMaskSenderDX11_vs\CMakeFiles\CMakeConfigureLog.yaml	66401	2026-02-20 12:04:40	5C9D448635B8C7AEBC69A001A5A7C778C0232688DE617510D05A0C73A538F17D	Z:\MediaPipe\Working-dir\_drop\spout-v04-snapshots\20260221_132223\files\C_TEMP_SPOUT_V04\build\SpoutMaskSenderDX11_vs\CMakeFiles\CMakeConfigureLog.yaml
C_TEMP_SPOUT_V04	C:\Temp\Spout-v04	build\SpoutMaskSenderDX11_vs\CMakeFiles\InstallScripts.json	130	2026-02-20 23:06:50	9A7EF283DD1A466AFB61DC74941E89E8928C40D863DB6DE343BC56DF9AAAF872	Z:\MediaPipe\Working-dir\_drop\spout-v04-snapshots\20260221_132223\files\C_TEMP_SPOUT_V04\build\SpoutMaskSenderDX11_vs\CMakeFiles\InstallScripts.json
C_TEMP_SPOUT_V04	C:\Temp\Spout-v04	build\SpoutMaskSenderDX11_vs\CMakeFiles\TargetDirectories.txt	230	2026-02-20 23:06:50	2DB443C642B86C51147339DF5A03437B058545ECA37ED626541ED9A347C379BA	Z:\MediaPipe\Working-dir\_drop\spout-v04-snapshots\20260221_132223\files\C_TEMP_SPOUT_V04\build\SpoutMaskSenderDX11_vs\CMakeFiles\TargetDirectories.txt
C_TEMP_SPOUT_V04	C:\Temp\Spout-v04	build\SpoutMaskSenderDX11_vs\CMakeFiles\4.2.3\CMakeCXXCompiler.cmake	6543	2026-02-20 10:15:37	10728DA13B4BD02EEA836CF43D72ED4C0768AF2B8A5FEA67805FF9D1FB57DFA3	Z:\MediaPipe\Working-dir\_drop\spout-v04-snapshots\20260221_132223\files\C_TEMP_SPOUT_V04\build\SpoutMaskSenderDX11_vs\CMakeFiles\4.2.3\CMakeCXXCompiler.cmake
C_TEMP_SPOUT_V04	C:\Temp\Spout-v04	build\SpoutMaskSenderDX11_vs\CMakeFiles\4.2.3\CMakeRCCompiler.cmake	212	2026-02-20 10:15:35	85223E3627AB66035651F1BC87D7AB01C67BCCD4C1132EA0EBCF6FD87DE0C7D1	Z:\MediaPipe\Working-dir\_drop\spout-v04-snapshots\20260221_132223\files\C_TEMP_SPOUT_V04\build\SpoutMaskSenderDX11_vs\CMakeFiles\4.2.3\CMakeRCCompiler.cmake
C_TEMP_SPOUT_V04	C:\Temp\Spout-v04	build\SpoutMaskSenderDX11_vs\CMakeFiles\4.2.3\CMakeSystem.cmake	395	2026-02-20 10:15:30	5BFDE5E3C20AEEDB180DD5FED3E3D2929CC47CDEDC6EB9BCE2398809322CE5FE	Z:\MediaPipe\Working-dir\_drop\spout-v04-snapshots\20260221_132223\files\C_TEMP_SPOUT_V04\build\SpoutMaskSenderDX11_vs\CMakeFiles\4.2.3\CMakeSystem.cmake
C_TEMP_SPOUT_V04	C:\Temp\Spout-v04	build\SpoutMaskSenderDX11_vs\CMakeFiles\4.2.3\VCTargetsPath.txt	90	2026-02-20 10:15:31	7BF0943F47FD89DDF6E8623056ED4AFA49693BCC8C6885EA90D889DBBC3CAD9C	Z:\MediaPipe\Working-dir\_drop\spout-v04-snapshots\20260221_132223\files\C_TEMP_SPOUT_V04\build\SpoutMaskSenderDX11_vs\CMakeFiles\4.2.3\VCTargetsPath.txt
C_TEMP_SPOUT_V04	C:\Temp\Spout-v04	build\SpoutMaskSenderDX11_vs\CMakeFiles\4.2.3\CompilerIdCXX\CMakeCXXCompilerId.cpp	30429	2026-02-20 10:15:31	9E26B0F20786A2D59935F5DDDB7DBECEB54E40F39FFD6996B2FC0E339431808D	Z:\MediaPipe\Working-dir\_drop\spout-v04-snapshots\20260221_132223\files\C_TEMP_SPOUT_V04\build\SpoutMaskSenderDX11_vs\CMakeFiles\4.2.3\CompilerIdCXX\CMakeCXXCompilerId.cpp
C_TEMP_SPOUT_V04	C:\Temp\Spout-v04	build\SpoutMaskSenderDX11_vs\Release\myeasylog.log	0	2026-02-20 22:29:51	E3B0C44298FC1C149AFBF4C8996FB92427AE41E4649B934CA495991B7852B855	Z:\MediaPipe\Working-dir\_drop\spout-v04-snapshots\20260221_132223\files\C_TEMP_SPOUT_V04\build\SpoutMaskSenderDX11_vs\Release\myeasylog.log
C_TEMP_SPOUT_V04	C:\Temp\Spout-v04	build\SpoutMaskSenderDX11_vs\Release\sender_config.json	275	2026-02-20 23:05:16	90ACD3E4C64903E7AE2B71EB7D585DEAFFAED20FED42A5F7AC87E5EDBEA6F0E5	Z:\MediaPipe\Working-dir\_drop\spout-v04-snapshots\20260221_132223\files\C_TEMP_SPOUT_V04\build\SpoutMaskSenderDX11_vs\Release\sender_config.json
C_TEMP_SPOUT_V04	C:\Temp\Spout-v04	build\SpoutMaskSenderDX11_vs\SpoutMaskSenderDX11.dir\Release\SpoutMaskSenderDX11.Build.CppClean.log	2277	2026-02-20 23:06:51	2A8BA8BBB2271E26F688D7A61FA8CDD023129A08505C8455D06FFBCD57C9BA5D	Z:\MediaPipe\Working-dir\_drop\spout-v04-snapshots\20260221_132223\files\C_TEMP_SPOUT_V04\build\SpoutMaskSenderDX11_vs\SpoutMaskSenderDX11.dir\Release\SpoutMaskSenderDX11.Build.CppClean.log
C_TEMP_SPOUT_V04	C:\Temp\Spout-v04	build\SpoutMaskSenderDX11_vs\SpoutMaskSenderDX11.dir\Release\SpoutMaskSenderDX11.vcxproj.FileListAbsolute.txt	0	2026-02-20 10:15:42	E3B0C44298FC1C149AFBF4C8996FB92427AE41E4649B934CA495991B7852B855	Z:\MediaPipe\Working-dir\_drop\spout-v04-snapshots\20260221_132223\files\C_TEMP_SPOUT_V04\build\SpoutMaskSenderDX11_vs\SpoutMaskSenderDX11.dir\Release\SpoutMaskSenderDX11.vcxproj.FileListAbsolute.txt
C_TEMP_SPOUT_V04	C:\Temp\Spout-v04	build\SpoutMaskSenderDX11_vs\x64\Release\ZERO_CHECK\ZERO_CHECK.Build.CppClean.log	411	2026-02-20 23:06:50	B812AA0B6C3CCF53DEAA093A998F5DCED54976F6EC2BF1B9F4BB08B9FAB87BF8	Z:\MediaPipe\Working-dir\_drop\spout-v04-snapshots\20260221_132223\files\C_TEMP_SPOUT_V04\build\SpoutMaskSenderDX11_vs\x64\Release\ZERO_CHECK\ZERO_CHECK.Build.CppClean.log
C_TEMP_SPOUT_V04	C:\Temp\Spout-v04	build\SpoutMaskSenderDX11_vs\x64\Release\ZERO_CHECK\ZERO_CHECK.vcxproj.FileListAbsolute.txt	0	2026-02-20 10:15:41	E3B0C44298FC1C149AFBF4C8996FB92427AE41E4649B934CA495991B7852B855	Z:\MediaPipe\Working-dir\_drop\spout-v04-snapshots\20260221_132223\files\C_TEMP_SPOUT_V04\build\SpoutMaskSenderDX11_vs\x64\Release\ZERO_CHECK\ZERO_CHECK.vcxproj.FileListAbsolute.txt
C_TEMP_SPOUT_V04	C:\Temp\Spout-v04	cpp\SpoutMaskSenderDX11\build.ps1	328	2026-02-18 16:03:27	1E3447EA03950977A4E1BF323F1FD9D409FC0AFA9D84E251FCF06E0750AE23BD	Z:\MediaPipe\Working-dir\_drop\spout-v04-snapshots\20260221_132223\files\C_TEMP_SPOUT_V04\cpp\SpoutMaskSenderDX11\build.ps1
C_TEMP_SPOUT_V04	C:\Temp\Spout-v04	cpp\SpoutMaskSenderDX11\CMakeLists.txt	1538	2026-02-20 22:44:20	533161FAC691F6AF0B3EAB4B8D13C6C9B1BF6C14F15B71FCF57EBD2BADFCDA9C	Z:\MediaPipe\Working-dir\_drop\spout-v04-snapshots\20260221_132223\files\C_TEMP_SPOUT_V04\cpp\SpoutMaskSenderDX11\CMakeLists.txt
C_TEMP_SPOUT_V04	C:\Temp\Spout-v04	cpp\SpoutMaskSenderDX11\main.cpp	12612	2026-02-20 22:38:47	391119DA065739B502EFB9F81F6D9D5162E1205E982B0A0498E346B44FB55973	Z:\MediaPipe\Working-dir\_drop\spout-v04-snapshots\20260221_132223\files\C_TEMP_SPOUT_V04\cpp\SpoutMaskSenderDX11\main.cpp
C_TEMP_SPOUT_V04	C:\Temp\Spout-v04	cpp\SpoutMaskSenderDX11\SpoutFrameCount_fix.cpp	372	2026-02-20 19:36:39	1E22B577EFC947B92C4EA40439EF9EB0742043AC3D913F105938191DEA599B16	Z:\MediaPipe\Working-dir\_drop\spout-v04-snapshots\20260221_132223\files\C_TEMP_SPOUT_V04\cpp\SpoutMaskSenderDX11\SpoutFrameCount_fix.cpp
C_TEMP_SPOUT_V04	C:\Temp\Spout-v04	python\mmap_mask_writer.py	1122	2026-02-18 16:04:24	1F25515D5F659B5A5A1C48277866DA5D0AFFB0012DC5CA118C7577AB10346C58	Z:\MediaPipe\Working-dir\_drop\spout-v04-snapshots\20260221_132223\files\C_TEMP_SPOUT_V04\python\mmap_mask_writer.py
C_TEMP_SPOUT_V04	C:\Temp\Spout-v04	SpoutMaskSenderDX11\sender_config.json	51	2026-02-20 09:34:50	EFAF4400B0CF5B3020146D610A93F2CDF12637DA3CEC15361BD972D1A362D3A4	Z:\MediaPipe\Working-dir\_drop\spout-v04-snapshots\20260221_132223\files\C_TEMP_SPOUT_V04\SpoutMaskSenderDX11\sender_config.json
C_TEMP_SPOUT_V04	C:\Temp\Spout-v04	third_party\json.hpp	993142	2026-02-19 00:04:34	69FB172D401AF4E4280684D159F9BE432E9C2FAEC4E64A84A373BCB39753B953	Z:\MediaPipe\Working-dir\_drop\spout-v04-snapshots\20260221_132223\files\C_TEMP_SPOUT_V04\third_party\json.hpp
C_TEMP_SPOUT_V04	C:\Temp\Spout-v04	third_party\SpoutSDK\SpoutDX\CMakeLists.txt	4503	2026-02-17 16:59:54	C26AEDDBCF202C88AE3A37362851D430C55BDFCFD34DEF26D341A282BB3E21B9	Z:\MediaPipe\Working-dir\_drop\spout-v04-snapshots\20260221_132223\files\C_TEMP_SPOUT_V04\third_party\SpoutSDK\SpoutDX\CMakeLists.txt
C_TEMP_SPOUT_V04	C:\Temp\Spout-v04	third_party\SpoutSDK\SpoutDX\SpoutDX.cpp	95395	2026-02-17 16:59:54	8DB8FE52474D6D081A1833324EF8646F0DA1899E3864EC126928BFE299C21BC4	Z:\MediaPipe\Working-dir\_drop\spout-v04-snapshots\20260221_132223\files\C_TEMP_SPOUT_V04\third_party\SpoutSDK\SpoutDX\SpoutDX.cpp
C_TEMP_SPOUT_V04	C:\Temp\Spout-v04	third_party\SpoutSDK\SpoutDX\SpoutDX.h	12426	2026-02-17 16:59:54	B181BE79F2CC3D1830A6C4CF38D8B63DDA25FDC4F3558D606B2D1D23B3816446	Z:\MediaPipe\Working-dir\_drop\spout-v04-snapshots\20260221_132223\files\C_TEMP_SPOUT_V04\third_party\SpoutSDK\SpoutDX\SpoutDX.h
C_TEMP_SPOUT_V04	C:\Temp\Spout-v04	third_party\SpoutSDK\SpoutDX\Binaries\Examples\readme.md	106	2026-02-17 16:59:54	A9DFE2C563EBF8FC74D05B979B12D70327CE5A83EDBC9A6861D2F4019D63099C	Z:\MediaPipe\Working-dir\_drop\spout-v04-snapshots\20260221_132223\files\C_TEMP_SPOUT_V04\third_party\SpoutSDK\SpoutDX\Binaries\Examples\readme.md
C_TEMP_SPOUT_V04	C:\Temp\Spout-v04	third_party\SpoutSDK\SpoutDX\SpoutDX12\CMakeLists.txt	3256	2026-02-17 16:59:54	01992FD15EC54BF41708A36841FADB64D36D273082C2A59CA05B096028E0E81F	Z:\MediaPipe\Working-dir\_drop\spout-v04-snapshots\20260221_132223\files\C_TEMP_SPOUT_V04\third_party\SpoutSDK\SpoutDX\SpoutDX12\CMakeLists.txt
C_TEMP_SPOUT_V04	C:\Temp\Spout-v04	third_party\SpoutSDK\SpoutDX\SpoutDX12\readme.md	2038	2026-02-17 16:59:54	F3BFE321C1944D334C4C75BDC918C0DE6A9BA00623F66DD9CAF88468A4D54FF3	Z:\MediaPipe\Working-dir\_drop\spout-v04-snapshots\20260221_132223\files\C_TEMP_SPOUT_V04\third_party\SpoutSDK\SpoutDX\SpoutDX12\readme.md
C_TEMP_SPOUT_V04	C:\Temp\Spout-v04	third_party\SpoutSDK\SpoutDX\SpoutDX12\SpoutDX12.cpp	20626	2026-02-17 16:59:54	F4003D2D4390FE5A575C1846950DC17CA5C68537A353F59ABB03A7A3CAAD2E1B	Z:\MediaPipe\Working-dir\_drop\spout-v04-snapshots\20260221_132223\files\C_TEMP_SPOUT_V04\third_party\SpoutSDK\SpoutDX\SpoutDX12\SpoutDX12.cpp
C_TEMP_SPOUT_V04	C:\Temp\Spout-v04	third_party\SpoutSDK\SpoutDX\SpoutDX12\SpoutDX12.h	5738	2026-02-17 16:59:54	698C30C41C3A2ECB21B1DD55EF24F57CF9D1A2CE289F3900C6A4CA5B7C3191D2	Z:\MediaPipe\Working-dir\_drop\spout-v04-snapshots\20260221_132223\files\C_TEMP_SPOUT_V04\third_party\SpoutSDK\SpoutDX\SpoutDX12\SpoutDX12.h
C_TEMP_SPOUT_V04	C:\Temp\Spout-v04	third_party\SpoutSDK\SpoutDX\SpoutDX12\D3D12TextureReceiver\D3D12HelloTexture.cpp	25798	2026-02-17 16:59:54	B6F9506F1648C47F8C05C3C33FB29B6FBF2CCA0817ADCDAB35FDD5B7153FFCDA	Z:\MediaPipe\Working-dir\_drop\spout-v04-snapshots\20260221_132223\files\C_TEMP_SPOUT_V04\third_party\SpoutSDK\SpoutDX\SpoutDX12\D3D12TextureReceiver\D3D12HelloTexture.cpp
C_TEMP_SPOUT_V04	C:\Temp\Spout-v04	third_party\SpoutSDK\SpoutDX\SpoutDX12\D3D12TextureReceiver\D3D12HelloTexture.h	2654	2026-02-17 16:59:54	597CFFEBB66D5B7F1514FD0BECCB3638CA959E91DC0614BDFB533A1B079E5622	Z:\MediaPipe\Working-dir\_drop\spout-v04-snapshots\20260221_132223\files\C_TEMP_SPOUT_V04\third_party\SpoutSDK\SpoutDX\SpoutDX12\D3D12TextureReceiver\D3D12HelloTexture.h
C_TEMP_SPOUT_V04	C:\Temp\Spout-v04	third_party\SpoutSDK\SpoutDX\SpoutDX12\D3D12TextureReceiver\d3dx12.h	171545	2026-02-17 16:59:54	B4B588807455283A3632B3919FA0C1EA299D47E0117961691126A949FABEAF4C	Z:\MediaPipe\Working-dir\_drop\spout-v04-snapshots\20260221_132223\files\C_TEMP_SPOUT_V04\third_party\SpoutSDK\SpoutDX\SpoutDX12\D3D12TextureReceiver\d3dx12.h
C_TEMP_SPOUT_V04	C:\Temp\Spout-v04	third_party\SpoutSDK\SpoutDX\SpoutDX12\D3D12TextureReceiver\DXSample.cpp	4189	2026-02-17 16:59:54	D0DCE90779D5B7EFD5640610AB8EDEFC17C064DC4FFF901BE844E31E86BF08B7	Z:\MediaPipe\Working-dir\_drop\spout-v04-snapshots\20260221_132223\files\C_TEMP_SPOUT_V04\third_party\SpoutSDK\SpoutDX\SpoutDX12\D3D12TextureReceiver\DXSample.cpp
C_TEMP_SPOUT_V04	C:\Temp\Spout-v04	third_party\SpoutSDK\SpoutDX\SpoutDX12\D3D12TextureReceiver\DXSample.h	1799	2026-02-17 16:59:54	E115571B42375D9E22411BE4808EFE34C3624E6CA58515620FD0D105428F87F1	Z:\MediaPipe\Working-dir\_drop\spout-v04-snapshots\20260221_132223\files\C_TEMP_SPOUT_V04\third_party\SpoutSDK\SpoutDX\SpoutDX12\D3D12TextureReceiver\DXSample.h
C_TEMP_SPOUT_V04	C:\Temp\Spout-v04	third_party\SpoutSDK\SpoutDX\SpoutDX12\D3D12TextureReceiver\DXSampleHelper.h	7156	2026-02-17 16:59:54	7BF10EC1BC5C3DDFBFD861638F398A0D4D0F946E5700F091E6BCE3163115A6C7	Z:\MediaPipe\Working-dir\_drop\spout-v04-snapshots\20260221_132223\files\C_TEMP_SPOUT_V04\third_party\SpoutSDK\SpoutDX\SpoutDX12\D3D12TextureReceiver\DXSampleHelper.h
C_TEMP_SPOUT_V04	C:\Temp\Spout-v04	third_party\SpoutSDK\SpoutDX\SpoutDX12\D3D12TextureReceiver\Main.cpp	745	2026-02-17 16:59:54	8EE0759A1B1F0DC575E7435FC88C4F012BB837EBE1FB2F46E21B532F49E10EC8	Z:\MediaPipe\Working-dir\_drop\spout-v04-snapshots\20260221_132223\files\C_TEMP_SPOUT_V04\third_party\SpoutSDK\SpoutDX\SpoutDX12\D3D12TextureReceiver\Main.cpp
C_TEMP_SPOUT_V04	C:\Temp\Spout-v04	third_party\SpoutSDK\SpoutDX\SpoutDX12\D3D12TextureReceiver\stdafx.cpp	469	2026-02-17 16:59:54	E42CF489F01CB1C01992BBB898D4C83000CDBDED3C8A943C50923A18BC9E9569	Z:\MediaPipe\Working-dir\_drop\spout-v04-snapshots\20260221_132223\files\C_TEMP_SPOUT_V04\third_party\SpoutSDK\SpoutDX\SpoutDX12\D3D12TextureReceiver\stdafx.cpp
C_TEMP_SPOUT_V04	C:\Temp\Spout-v04	third_party\SpoutSDK\SpoutDX\SpoutDX12\D3D12TextureReceiver\stdafx.h	978	2026-02-17 16:59:54	5959DBB197E0A44C3704C5BA77BD11361CA4F4D7385A00A0F2351FD0C47966E5	Z:\MediaPipe\Working-dir\_drop\spout-v04-snapshots\20260221_132223\files\C_TEMP_SPOUT_V04\third_party\SpoutSDK\SpoutDX\SpoutDX12\D3D12TextureReceiver\stdafx.h
C_TEMP_SPOUT_V04	C:\Temp\Spout-v04	third_party\SpoutSDK\SpoutDX\SpoutDX12\D3D12TextureReceiver\Win32Application.cpp	3892	2026-02-17 16:59:54	CE88611F936B4D48B664B03D54FA60F17B37CA40106961CDEEFF9444C382C23B	Z:\MediaPipe\Working-dir\_drop\spout-v04-snapshots\20260221_132223\files\C_TEMP_SPOUT_V04\third_party\SpoutSDK\SpoutDX\SpoutDX12\D3D12TextureReceiver\Win32Application.cpp
C_TEMP_SPOUT_V04	C:\Temp\Spout-v04	third_party\SpoutSDK\SpoutDX\SpoutDX12\D3D12TextureReceiver\Win32Application.h	816	2026-02-17 16:59:54	40347C1A011A49073BB1C82D290EE44377B858081B966F1302290CE7BCAD6EDA	Z:\MediaPipe\Working-dir\_drop\spout-v04-snapshots\20260221_132223\files\C_TEMP_SPOUT_V04\third_party\SpoutSDK\SpoutDX\SpoutDX12\D3D12TextureReceiver\Win32Application.h
C_TEMP_SPOUT_V04	C:\Temp\Spout-v04	third_party\SpoutSDK\SpoutDX\SpoutDX12\D3D12TriangleSender\D3D12HelloTriangle.cpp	16809	2026-02-17 16:59:54	980F35D6AEB52D9ED4FBBE21F6A0D9A2C18A07312528E7317DB6D0D59518AF7E	Z:\MediaPipe\Working-dir\_drop\spout-v04-snapshots\20260221_132223\files\C_TEMP_SPOUT_V04\third_party\SpoutSDK\SpoutDX\SpoutDX12\D3D12TriangleSender\D3D12HelloTriangle.cpp
C_TEMP_SPOUT_V04	C:\Temp\Spout-v04	third_party\SpoutSDK\SpoutDX\SpoutDX12\D3D12TriangleSender\D3D12HelloTriangle.h	2242	2026-02-17 16:59:54	30244FED61CC519C0241493C11450156514B2BC702C487855C667A93A92723E9	Z:\MediaPipe\Working-dir\_drop\spout-v04-snapshots\20260221_132223\files\C_TEMP_SPOUT_V04\third_party\SpoutSDK\SpoutDX\SpoutDX12\D3D12TriangleSender\D3D12HelloTriangle.h
C_TEMP_SPOUT_V04	C:\Temp\Spout-v04	third_party\SpoutSDK\SpoutDX\SpoutDX12\D3D12TriangleSender\d3dx12.h	171560	2026-02-17 16:59:54	3D52129600CCAAC169BE1A691EB4647E5CC0D7DD8A526313416F3F34270DC95E	Z:\MediaPipe\Working-dir\_drop\spout-v04-snapshots\20260221_132223\files\C_TEMP_SPOUT_V04\third_party\SpoutSDK\SpoutDX\SpoutDX12\D3D12TriangleSender\d3dx12.h
C_TEMP_SPOUT_V04	C:\Temp\Spout-v04	third_party\SpoutSDK\SpoutDX\SpoutDX12\D3D12TriangleSender\DXSample.cpp	4189	2026-02-17 16:59:54	D0DCE90779D5B7EFD5640610AB8EDEFC17C064DC4FFF901BE844E31E86BF08B7	Z:\MediaPipe\Working-dir\_drop\spout-v04-snapshots\20260221_132223\files\C_TEMP_SPOUT_V04\third_party\SpoutSDK\SpoutDX\SpoutDX12\D3D12TriangleSender\DXSample.cpp
C_TEMP_SPOUT_V04	C:\Temp\Spout-v04	third_party\SpoutSDK\SpoutDX\SpoutDX12\D3D12TriangleSender\DXSample.h	1799	2026-02-17 16:59:54	E115571B42375D9E22411BE4808EFE34C3624E6CA58515620FD0D105428F87F1	Z:\MediaPipe\Working-dir\_drop\spout-v04-snapshots\20260221_132223\files\C_TEMP_SPOUT_V04\third_party\SpoutSDK\SpoutDX\SpoutDX12\D3D12TriangleSender\DXSample.h
C_TEMP_SPOUT_V04	C:\Temp\Spout-v04	third_party\SpoutSDK\SpoutDX\SpoutDX12\D3D12TriangleSender\DXSampleHelper.h	7156	2026-02-17 16:59:54	7BF10EC1BC5C3DDFBFD861638F398A0D4D0F946E5700F091E6BCE3163115A6C7	Z:\MediaPipe\Working-dir\_drop\spout-v04-snapshots\20260221_132223\files\C_TEMP_SPOUT_V04\third_party\SpoutSDK\SpoutDX\SpoutDX12\D3D12TriangleSender\DXSampleHelper.h
C_TEMP_SPOUT_V04	C:\Temp\Spout-v04	third_party\SpoutSDK\SpoutDX\SpoutDX12\D3D12TriangleSender\Main.cpp	746	2026-02-17 16:59:54	B71AF14D1344F2E2161F7AE40E0FFEC89F09AF9EB93424260FE2350DF0FFDE12	Z:\MediaPipe\Working-dir\_drop\spout-v04-snapshots\20260221_132223\files\C_TEMP_SPOUT_V04\third_party\SpoutSDK\SpoutDX\SpoutDX12\D3D12TriangleSender\Main.cpp
C_TEMP_SPOUT_V04	C:\Temp\Spout-v04	third_party\SpoutSDK\SpoutDX\SpoutDX12\D3D12TriangleSender\stdafx.cpp	469	2026-02-17 16:59:54	E42CF489F01CB1C01992BBB898D4C83000CDBDED3C8A943C50923A18BC9E9569	Z:\MediaPipe\Working-dir\_drop\spout-v04-snapshots\20260221_132223\files\C_TEMP_SPOUT_V04\third_party\SpoutSDK\SpoutDX\SpoutDX12\D3D12TriangleSender\stdafx.cpp
C_TEMP_SPOUT_V04	C:\Temp\Spout-v04	third_party\SpoutSDK\SpoutDX\SpoutDX12\D3D12TriangleSender\stdafx.h	959	2026-02-17 16:59:54	476AFBCC9784D35DB66C6B8E45B143B61EFFAA852F93A5C0862061C16BAFC8B5	Z:\MediaPipe\Working-dir\_drop\spout-v04-snapshots\20260221_132223\files\C_TEMP_SPOUT_V04\third_party\SpoutSDK\SpoutDX\SpoutDX12\D3D12TriangleSender\stdafx.h
C_TEMP_SPOUT_V04	C:\Temp\Spout-v04	third_party\SpoutSDK\SpoutDX\SpoutDX12\D3D12TriangleSender\Win32Application.cpp	3683	2026-02-17 16:59:54	86DE3D216C42D1E19454E75A96BFE43E41333F020977626607BBC6776A9229D1	Z:\MediaPipe\Working-dir\_drop\spout-v04-snapshots\20260221_132223\files\C_TEMP_SPOUT_V04\third_party\SpoutSDK\SpoutDX\SpoutDX12\D3D12TriangleSender\Win32Application.cpp
C_TEMP_SPOUT_V04	C:\Temp\Spout-v04	third_party\SpoutSDK\SpoutDX\SpoutDX12\D3D12TriangleSender\Win32Application.h	816	2026-02-17 16:59:54	40347C1A011A49073BB1C82D290EE44377B858081B966F1302290CE7BCAD6EDA	Z:\MediaPipe\Working-dir\_drop\spout-v04-snapshots\20260221_132223\files\C_TEMP_SPOUT_V04\third_party\SpoutSDK\SpoutDX\SpoutDX12\D3D12TriangleSender\Win32Application.h
C_TEMP_SPOUT_V04	C:\Temp\Spout-v04	third_party\SpoutSDK\SpoutDX\SpoutDX9\CMakeLists.txt	3605	2026-02-17 16:59:54	1C468A9C1C0E76E4CD2E42341F777BAD9244EC882086428B7A9D5C5A3B628649	Z:\MediaPipe\Working-dir\_drop\spout-v04-snapshots\20260221_132223\files\C_TEMP_SPOUT_V04\third_party\SpoutSDK\SpoutDX\SpoutDX9\CMakeLists.txt
C_TEMP_SPOUT_V04	C:\Temp\Spout-v04	third_party\SpoutSDK\SpoutDX\SpoutDX9\readme.md	1614	2026-02-17 16:59:54	2B2ECD7F77BFBB78BD441C5ECEFB7B8D4BC921C6B6FCB3A546512F56E960C668	Z:\MediaPipe\Working-dir\_drop\spout-v04-snapshots\20260221_132223\files\C_TEMP_SPOUT_V04\third_party\SpoutSDK\SpoutDX\SpoutDX9\readme.md
C_TEMP_SPOUT_V04	C:\Temp\Spout-v04	third_party\SpoutSDK\SpoutDX\SpoutDX9\SpoutDX9.cpp	46090	2026-02-17 16:59:54	BBDAA209E49D50F6F7DC806E9670A6466CBF46FCDA4C5A43EAB37D9150643D56	Z:\MediaPipe\Working-dir\_drop\spout-v04-snapshots\20260221_132223\files\C_TEMP_SPOUT_V04\third_party\SpoutSDK\SpoutDX\SpoutDX9\SpoutDX9.cpp
C_TEMP_SPOUT_V04	C:\Temp\Spout-v04	third_party\SpoutSDK\SpoutDX\SpoutDX9\SpoutDX9.h	7605	2026-02-17 16:59:54	7D904A4045ECBAB20D9195813C1060F11CAD8569DAA41C386CD20B598A001AF6	Z:\MediaPipe\Working-dir\_drop\spout-v04-snapshots\20260221_132223\files\C_TEMP_SPOUT_V04\third_party\SpoutSDK\SpoutDX\SpoutDX9\SpoutDX9.h
C_TEMP_SPOUT_V04	C:\Temp\Spout-v04	third_party\SpoutSDK\SpoutDX\SpoutDX9\D3D9_Vertices_Receiver\resource.h	433	2026-02-17 16:59:54	AB9489443E5A86473E01BD5CD51A00AD4EBFB475FB65D5A42E025AD5E3B4EA16	Z:\MediaPipe\Working-dir\_drop\spout-v04-snapshots\20260221_132223\files\C_TEMP_SPOUT_V04\third_party\SpoutSDK\SpoutDX\SpoutDX9\D3D9_Vertices_Receiver\resource.h
C_TEMP_SPOUT_V04	C:\Temp\Spout-v04	third_party\SpoutSDK\SpoutDX\SpoutDX9\D3D9_Vertices_Receiver\Vertices.cpp	13027	2026-02-17 16:59:54	CD19AA193D7A64BAF8955277D67199F7223E6587EEB294B1B68F88A8113179B4	Z:\MediaPipe\Working-dir\_drop\spout-v04-snapshots\20260221_132223\files\C_TEMP_SPOUT_V04\third_party\SpoutSDK\SpoutDX\SpoutDX9\D3D9_Vertices_Receiver\Vertices.cpp
C_TEMP_SPOUT_V04	C:\Temp\Spout-v04	third_party\SpoutSDK\SpoutDX\SpoutDX9\D3D9_Vertices_Sender\resource.h	433	2026-02-17 16:59:54	AB9489443E5A86473E01BD5CD51A00AD4EBFB475FB65D5A42E025AD5E3B4EA16	Z:\MediaPipe\Working-dir\_drop\spout-v04-snapshots\20260221_132223\files\C_TEMP_SPOUT_V04\third_party\SpoutSDK\SpoutDX\SpoutDX9\D3D9_Vertices_Sender\resource.h
C_TEMP_SPOUT_V04	C:\Temp\Spout-v04	third_party\SpoutSDK\SpoutDX\SpoutDX9\D3D9_Vertices_Sender\Vertices.cpp	12624	2026-02-17 16:59:54	92249527B9F80CA4810B36BF924F412C9494064A9CE5DAA2CAD3D3FF15210ED5	Z:\MediaPipe\Working-dir\_drop\spout-v04-snapshots\20260221_132223\files\C_TEMP_SPOUT_V04\third_party\SpoutSDK\SpoutDX\SpoutDX9\D3D9_Vertices_Sender\Vertices.cpp
C_TEMP_SPOUT_V04	C:\Temp\Spout-v04	third_party\SpoutSDK\SpoutDX\Tutorial04\CMakeLists.txt	4277	2026-02-17 16:59:54	74535ECFB74122092F2DEEFC241FFBD66A520A6FDD0A8C3107D4225E33A1AEFD	Z:\MediaPipe\Working-dir\_drop\spout-v04-snapshots\20260221_132223\files\C_TEMP_SPOUT_V04\third_party\SpoutSDK\SpoutDX\Tutorial04\CMakeLists.txt
C_TEMP_SPOUT_V04	C:\Temp\Spout-v04	third_party\SpoutSDK\SpoutDX\Tutorial04\CMakeVS2022.bat	94	2026-02-17 16:59:54	C5BCBF1490E51C4B6CCB60CED36CF74F02B1F3E9E5221694B06553262FDF43D9	Z:\MediaPipe\Working-dir\_drop\spout-v04-snapshots\20260221_132223\files\C_TEMP_SPOUT_V04\third_party\SpoutSDK\SpoutDX\Tutorial04\CMakeVS2022.bat
C_TEMP_SPOUT_V04	C:\Temp\Spout-v04	third_party\SpoutSDK\SpoutDX\Tutorial04\Resource.h	1026	2026-02-17 16:59:54	B3B8D768B05BAE9B2C248FBD65BB9200B8FDE07BE8405DFE2C0143665FB65FD6	Z:\MediaPipe\Working-dir\_drop\spout-v04-snapshots\20260221_132223\files\C_TEMP_SPOUT_V04\third_party\SpoutSDK\SpoutDX\Tutorial04\Resource.h
C_TEMP_SPOUT_V04	C:\Temp\Spout-v04	third_party\SpoutSDK\SpoutDX\Tutorial04\Tutorial04.cpp	34075	2026-02-17 16:59:54	673D99C1DF2FAC92E0BC8F1678E048232092FDD093AC5D8B2C00884CBD3D2DC5	Z:\MediaPipe\Working-dir\_drop\spout-v04-snapshots\20260221_132223\files\C_TEMP_SPOUT_V04\third_party\SpoutSDK\SpoutDX\Tutorial04\Tutorial04.cpp
C_TEMP_SPOUT_V04	C:\Temp\Spout-v04	third_party\SpoutSDK\SpoutDX\Tutorial04\Tutorial04.txt	1117	2026-02-17 16:59:54	3693EFC300EB4B0CDF7B553B09543FB4EEFC90A2FD081F16E89D069D2875BD53	Z:\MediaPipe\Working-dir\_drop\spout-v04-snapshots\20260221_132223\files\C_TEMP_SPOUT_V04\third_party\SpoutSDK\SpoutDX\Tutorial04\Tutorial04.txt
C_TEMP_SPOUT_V04	C:\Temp\Spout-v04	third_party\SpoutSDK\SpoutDX\Tutorial04\external\DirectXMath\DirectXColors.h	28687	2026-02-17 16:59:54	D333F0A20EF585AE8D8AA594411F3C2B8710C3D7EC278ADB5BC6EC37189CD9FE	Z:\MediaPipe\Working-dir\_drop\spout-v04-snapshots\20260221_132223\files\C_TEMP_SPOUT_V04\third_party\SpoutSDK\SpoutDX\Tutorial04\external\DirectXMath\DirectXColors.h
C_TEMP_SPOUT_V04	C:\Temp\Spout-v04	third_party\SpoutSDK\SpoutDX\Tutorial04\external\DirectXMath\DirectXMath.h	129075	2026-02-17 16:59:54	EE801AD3EEB2951BC10E08CDB31B9B931E901282FE7EE7966282EBB34BAB06C1	Z:\MediaPipe\Working-dir\_drop\spout-v04-snapshots\20260221_132223\files\C_TEMP_SPOUT_V04\third_party\SpoutSDK\SpoutDX\Tutorial04\external\DirectXMath\DirectXMath.h
C_TEMP_SPOUT_V04	C:\Temp\Spout-v04	third_party\SpoutSDK\SpoutDX\Tutorial04\external\DirectXMath\DirectXMathConvert.inl	81988	2026-02-17 16:59:54	BBD31A079F724E146257CFC4D2D65AA15EC945F74DC99B762C8FB9C223809ACB	Z:\MediaPipe\Working-dir\_drop\spout-v04-snapshots\20260221_132223\files\C_TEMP_SPOUT_V04\third_party\SpoutSDK\SpoutDX\Tutorial04\external\DirectXMath\DirectXMathConvert.inl
C_TEMP_SPOUT_V04	C:\Temp\Spout-v04	third_party\SpoutSDK\SpoutDX\Tutorial04\external\DirectXMath\DirectXMathMatrix.inl	122199	2026-02-17 16:59:54	7548A54C3485E2F8B3807BC73589F8217B040B295FBBC51372394A350E77845D	Z:\MediaPipe\Working-dir\_drop\spout-v04-snapshots\20260221_132223\files\C_TEMP_SPOUT_V04\third_party\SpoutSDK\SpoutDX\Tutorial04\external\DirectXMath\DirectXMathMatrix.inl
C_TEMP_SPOUT_V04	C:\Temp\Spout-v04	third_party\SpoutSDK\SpoutDX\Tutorial04\external\DirectXMath\DirectXMathMisc.inl	82311	2026-02-17 16:59:54	A7B4A39D6CC6E0AE1676C6B00E0CF4E30D530F21A4CBAF0E3F5E35E17D307E99	Z:\MediaPipe\Working-dir\_drop\spout-v04-snapshots\20260221_132223\files\C_TEMP_SPOUT_V04\third_party\SpoutSDK\SpoutDX\Tutorial04\external\DirectXMath\DirectXMathMisc.inl
C_TEMP_SPOUT_V04	C:\Temp\Spout-v04	third_party\SpoutSDK\SpoutDX\Tutorial04\external\DirectXMath\DirectXMathVector.inl	549835	2026-02-17 16:59:54	66E3616D658ADA33498CB67D7C63716497B33EEB2B020756604BCB798852B243	Z:\MediaPipe\Working-dir\_drop\spout-v04-snapshots\20260221_132223\files\C_TEMP_SPOUT_V04\third_party\SpoutSDK\SpoutDX\Tutorial04\external\DirectXMath\DirectXMathVector.inl
C_TEMP_SPOUT_V04	C:\Temp\Spout-v04	third_party\SpoutSDK\SpoutDX\Tutorial04_Lib\readme.md	1845	2026-02-17 16:59:55	C991E3AD4F7092107DFED58826FD4BE34449DBF144533806C2D680010583FA1A	Z:\MediaPipe\Working-dir\_drop\spout-v04-snapshots\20260221_132223\files\C_TEMP_SPOUT_V04\third_party\SpoutSDK\SpoutDX\Tutorial04_Lib\readme.md
C_TEMP_SPOUT_V04	C:\Temp\Spout-v04	third_party\SpoutSDK\SpoutDX\Tutorial04_Lib\resource.h	1026	2026-02-17 16:59:55	B3B8D768B05BAE9B2C248FBD65BB9200B8FDE07BE8405DFE2C0143665FB65FD6	Z:\MediaPipe\Working-dir\_drop\spout-v04-snapshots\20260221_132223\files\C_TEMP_SPOUT_V04\third_party\SpoutSDK\SpoutDX\Tutorial04_Lib\resource.h
C_TEMP_SPOUT_V04	C:\Temp\Spout-v04	third_party\SpoutSDK\SpoutDX\Tutorial04_Lib\Tutorial04.cpp	35763	2026-02-17 16:59:54	0AB46DA9634899BF85B685BF14D746C6CCD3AB6CD866D5F4F2E48D479C0BF25B	Z:\MediaPipe\Working-dir\_drop\spout-v04-snapshots\20260221_132223\files\C_TEMP_SPOUT_V04\third_party\SpoutSDK\SpoutDX\Tutorial04_Lib\Tutorial04.cpp
C_TEMP_SPOUT_V04	C:\Temp\Spout-v04	third_party\SpoutSDK\SpoutDX\Tutorial04_Lib\include\SpoutCommon.h	3422	2026-02-17 16:59:54	9DBE0846831F9B396578B1B3288B684F7653C7F35718F429499097A9BF9BF063	Z:\MediaPipe\Working-dir\_drop\spout-v04-snapshots\20260221_132223\files\C_TEMP_SPOUT_V04\third_party\SpoutSDK\SpoutDX\Tutorial04_Lib\include\SpoutCommon.h
C_TEMP_SPOUT_V04	C:\Temp\Spout-v04	third_party\SpoutSDK\SpoutDX\Tutorial04_Lib\include\SpoutCopy.h	9704	2026-02-17 16:59:54	0CA6E26CB5C3E280CA85854B36187DFC996437F11702410F4E028CBC7E4B6503	Z:\MediaPipe\Working-dir\_drop\spout-v04-snapshots\20260221_132223\files\C_TEMP_SPOUT_V04\third_party\SpoutSDK\SpoutDX\Tutorial04_Lib\include\SpoutCopy.h
C_TEMP_SPOUT_V04	C:\Temp\Spout-v04	third_party\SpoutSDK\SpoutDX\Tutorial04_Lib\include\SpoutDirectX.h	7445	2026-02-17 16:59:54	809F678D270B4A22EA1854A2A83DAF4C534535F20A18B2EAB8FA5038086BC397	Z:\MediaPipe\Working-dir\_drop\spout-v04-snapshots\20260221_132223\files\C_TEMP_SPOUT_V04\third_party\SpoutSDK\SpoutDX\Tutorial04_Lib\include\SpoutDirectX.h
C_TEMP_SPOUT_V04	C:\Temp\Spout-v04	third_party\SpoutSDK\SpoutDX\Tutorial04_Lib\include\SpoutDX.h	12426	2026-02-17 16:59:54	B181BE79F2CC3D1830A6C4CF38D8B63DDA25FDC4F3558D606B2D1D23B3816446	Z:\MediaPipe\Working-dir\_drop\spout-v04-snapshots\20260221_132223\files\C_TEMP_SPOUT_V04\third_party\SpoutSDK\SpoutDX\Tutorial04_Lib\include\SpoutDX.h
C_TEMP_SPOUT_V04	C:\Temp\Spout-v04	third_party\SpoutSDK\SpoutDX\Tutorial04_Lib\include\SpoutFrameCount.h	5943	2026-02-17 16:59:54	5E09D1AA49005F3CFB8DD1ED5328B78D0223D08630C06EEE66213CBCDAF3B4F9	Z:\MediaPipe\Working-dir\_drop\spout-v04-snapshots\20260221_132223\files\C_TEMP_SPOUT_V04\third_party\SpoutSDK\SpoutDX\Tutorial04_Lib\include\SpoutFrameCount.h
C_TEMP_SPOUT_V04	C:\Temp\Spout-v04	third_party\SpoutSDK\SpoutDX\Tutorial04_Lib\include\SpoutSenderNames.h	8545	2026-02-17 16:59:54	D9CE7069C9403378EAC4CB4D3082CE2657504269CD92BB4B8BB3461BE2EC4E83	Z:\MediaPipe\Working-dir\_drop\spout-v04-snapshots\20260221_132223\files\C_TEMP_SPOUT_V04\third_party\SpoutSDK\SpoutDX\Tutorial04_Lib\include\SpoutSenderNames.h
C_TEMP_SPOUT_V04	C:\Temp\Spout-v04	third_party\SpoutSDK\SpoutDX\Tutorial04_Lib\include\SpoutSharedMemory.h	2772	2026-02-17 16:59:54	5567DA567945D0FEED074C73FFCF76C5917C10506F86D167FC765DA5AA62271D	Z:\MediaPipe\Working-dir\_drop\spout-v04-snapshots\20260221_132223\files\C_TEMP_SPOUT_V04\third_party\SpoutSDK\SpoutDX\Tutorial04_Lib\include\SpoutSharedMemory.h
C_TEMP_SPOUT_V04	C:\Temp\Spout-v04	third_party\SpoutSDK\SpoutDX\Tutorial04_Lib\include\SpoutUtils.h	15025	2026-02-17 16:59:54	22346227A4815855ADA400B4980DD9A50A026DBF6D398FEFBEF4D34C0F4349EB	Z:\MediaPipe\Working-dir\_drop\spout-v04-snapshots\20260221_132223\files\C_TEMP_SPOUT_V04\third_party\SpoutSDK\SpoutDX\Tutorial04_Lib\include\SpoutUtils.h
C_TEMP_SPOUT_V04	C:\Temp\Spout-v04	third_party\SpoutSDK\SpoutDX\Tutorial07\CMakeLists.txt	4433	2026-02-17 16:59:55	4172CC469C7D4B69D29254AA298DF8673D2C21DD9AD409A80B7B4439425017E6	Z:\MediaPipe\Working-dir\_drop\spout-v04-snapshots\20260221_132223\files\C_TEMP_SPOUT_V04\third_party\SpoutSDK\SpoutDX\Tutorial07\CMakeLists.txt
C_TEMP_SPOUT_V04	C:\Temp\Spout-v04	third_party\SpoutSDK\SpoutDX\Tutorial07\DDSTextureLoader.cpp	62903	2026-02-17 16:59:55	EF567F5880A516C31E4F39439D13DF966D9406147CEBF3F2E5611B5BB3AACC68	Z:\MediaPipe\Working-dir\_drop\spout-v04-snapshots\20260221_132223\files\C_TEMP_SPOUT_V04\third_party\SpoutSDK\SpoutDX\Tutorial07\DDSTextureLoader.cpp
C_TEMP_SPOUT_V04	C:\Temp\Spout-v04	third_party\SpoutSDK\SpoutDX\Tutorial07\DDSTextureLoader.h	4994	2026-02-17 16:59:55	63DCD75D694D522DA81D3AD9512A70728CCD6F794CE88F32AB851562019ACB71	Z:\MediaPipe\Working-dir\_drop\spout-v04-snapshots\20260221_132223\files\C_TEMP_SPOUT_V04\third_party\SpoutSDK\SpoutDX\Tutorial07\DDSTextureLoader.h
C_TEMP_SPOUT_V04	C:\Temp\Spout-v04	third_party\SpoutSDK\SpoutDX\Tutorial07\Resource.h	1104	2026-02-17 16:59:55	61AE1E9BFB1280CA0A8FFEA73CAA2DC67C0A976D82D630365FA983C2A8E27386	Z:\MediaPipe\Working-dir\_drop\spout-v04-snapshots\20260221_132223\files\C_TEMP_SPOUT_V04\third_party\SpoutSDK\SpoutDX\Tutorial07\Resource.h
C_TEMP_SPOUT_V04	C:\Temp\Spout-v04	third_party\SpoutSDK\SpoutDX\Tutorial07\Tutorial07.cpp	44561	2026-02-17 16:59:55	8F6979D2CBA067900E496C206BD9D927B19D7633AFA6D031C23DED6CC071D59B	Z:\MediaPipe\Working-dir\_drop\spout-v04-snapshots\20260221_132223\files\C_TEMP_SPOUT_V04\third_party\SpoutSDK\SpoutDX\Tutorial07\Tutorial07.cpp
C_TEMP_SPOUT_V04	C:\Temp\Spout-v04	third_party\SpoutSDK\SpoutDX\Tutorial07\external\DirectXMath\DirectXColors.h	28687	2026-02-17 16:59:55	D333F0A20EF585AE8D8AA594411F3C2B8710C3D7EC278ADB5BC6EC37189CD9FE	Z:\MediaPipe\Working-dir\_drop\spout-v04-snapshots\20260221_132223\files\C_TEMP_SPOUT_V04\third_party\SpoutSDK\SpoutDX\Tutorial07\external\DirectXMath\DirectXColors.h
C_TEMP_SPOUT_V04	C:\Temp\Spout-v04	third_party\SpoutSDK\SpoutDX\Tutorial07\external\DirectXMath\DirectXMath.h	129075	2026-02-17 16:59:55	EE801AD3EEB2951BC10E08CDB31B9B931E901282FE7EE7966282EBB34BAB06C1	Z:\MediaPipe\Working-dir\_drop\spout-v04-snapshots\20260221_132223\files\C_TEMP_SPOUT_V04\third_party\SpoutSDK\SpoutDX\Tutorial07\external\DirectXMath\DirectXMath.h
C_TEMP_SPOUT_V04	C:\Temp\Spout-v04	third_party\SpoutSDK\SpoutDX\Tutorial07\external\DirectXMath\DirectXMathConvert.inl	81988	2026-02-17 16:59:55	BBD31A079F724E146257CFC4D2D65AA15EC945F74DC99B762C8FB9C223809ACB	Z:\MediaPipe\Working-dir\_drop\spout-v04-snapshots\20260221_132223\files\C_TEMP_SPOUT_V04\third_party\SpoutSDK\SpoutDX\Tutorial07\external\DirectXMath\DirectXMathConvert.inl
C_TEMP_SPOUT_V04	C:\Temp\Spout-v04	third_party\SpoutSDK\SpoutDX\Tutorial07\external\DirectXMath\DirectXMathMatrix.inl	122199	2026-02-17 16:59:55	7548A54C3485E2F8B3807BC73589F8217B040B295FBBC51372394A350E77845D	Z:\MediaPipe\Working-dir\_drop\spout-v04-snapshots\20260221_132223\files\C_TEMP_SPOUT_V04\third_party\SpoutSDK\SpoutDX\Tutorial07\external\DirectXMath\DirectXMathMatrix.inl
C_TEMP_SPOUT_V04	C:\Temp\Spout-v04	third_party\SpoutSDK\SpoutDX\Tutorial07\external\DirectXMath\DirectXMathMisc.inl	82311	2026-02-17 16:59:55	A7B4A39D6CC6E0AE1676C6B00E0CF4E30D530F21A4CBAF0E3F5E35E17D307E99	Z:\MediaPipe\Working-dir\_drop\spout-v04-snapshots\20260221_132223\files\C_TEMP_SPOUT_V04\third_party\SpoutSDK\SpoutDX\Tutorial07\external\DirectXMath\DirectXMathMisc.inl
C_TEMP_SPOUT_V04	C:\Temp\Spout-v04	third_party\SpoutSDK\SpoutDX\Tutorial07\external\DirectXMath\DirectXMathVector.inl	549835	2026-02-17 16:59:55	66E3616D658ADA33498CB67D7C63716497B33EEB2B020756604BCB798852B243	Z:\MediaPipe\Working-dir\_drop\spout-v04-snapshots\20260221_132223\files\C_TEMP_SPOUT_V04\third_party\SpoutSDK\SpoutDX\Tutorial07\external\DirectXMath\DirectXMathVector.inl
C_TEMP_SPOUT_V04	C:\Temp\Spout-v04	third_party\SpoutSDK\SpoutDX\Windows\Bridge\BridgeMain.cpp	2289	2026-02-18 02:32:00	367ECD01FDE931AA027E4CD88A0C680E6EBC9D531A225BB99EFFC6D3C9E0E21F	Z:\MediaPipe\Working-dir\_drop\spout-v04-snapshots\20260221_132223\files\C_TEMP_SPOUT_V04\third_party\SpoutSDK\SpoutDX\Windows\Bridge\BridgeMain.cpp
C_TEMP_SPOUT_V04	C:\Temp\Spout-v04	third_party\SpoutSDK\SpoutDX\Windows\Bridge\WinSpoutDXbridge\x64\Release\WinSpoutDXbridge.Build.CppClean.log	2252	2026-02-18 02:29:52	03AC83ECF2F0FB016EBE67B371181783F5B8105EF5B66AE592240C48F9B19BBC	Z:\MediaPipe\Working-dir\_drop\spout-v04-snapshots\20260221_132223\files\C_TEMP_SPOUT_V04\third_party\SpoutSDK\SpoutDX\Windows\Bridge\WinSpoutDXbridge\x64\Release\WinSpoutDXbridge.Build.CppClean.log
C_TEMP_SPOUT_V04	C:\Temp\Spout-v04	third_party\SpoutSDK\SpoutDX\Windows\Bridge\WinSpoutDXbridge\x64\Release\WinSpoutDXbridge.vcxproj.FileListAbsolute.txt	0	2026-02-18 02:29:52	E3B0C44298FC1C149AFBF4C8996FB92427AE41E4649B934CA495991B7852B855	Z:\MediaPipe\Working-dir\_drop\spout-v04-snapshots\20260221_132223\files\C_TEMP_SPOUT_V04\third_party\SpoutSDK\SpoutDX\Windows\Bridge\WinSpoutDXbridge\x64\Release\WinSpoutDXbridge.vcxproj.FileListAbsolute.txt
C_TEMP_SPOUT_V04	C:\Temp\Spout-v04	third_party\SpoutSDK\SpoutDX\Windows\Receiver\framework.h	395	2026-02-17 16:59:55	4AFDDED82FBF3D4822D743EA3C3167E11C9FB84591759B871761F4A27E761D77	Z:\MediaPipe\Working-dir\_drop\spout-v04-snapshots\20260221_132223\files\C_TEMP_SPOUT_V04\third_party\SpoutSDK\SpoutDX\Windows\Receiver\framework.h
C_TEMP_SPOUT_V04	C:\Temp\Spout-v04	third_party\SpoutSDK\SpoutDX\Windows\Receiver\Resource.h	888	2026-02-17 16:59:55	1BD19CBCC9EBB7F699055B718E6C27FBAD9F45307246D7CAB240A00438F5C3C2	Z:\MediaPipe\Working-dir\_drop\spout-v04-snapshots\20260221_132223\files\C_TEMP_SPOUT_V04\third_party\SpoutSDK\SpoutDX\Windows\Receiver\Resource.h
C_TEMP_SPOUT_V04	C:\Temp\Spout-v04	third_party\SpoutSDK\SpoutDX\Windows\Receiver\targetver.h	313	2026-02-17 16:59:55	78AA78692F92173C0FA10B02A233036E62A90414832C5470137C3E92FAAA00D7	Z:\MediaPipe\Working-dir\_drop\spout-v04-snapshots\20260221_132223\files\C_TEMP_SPOUT_V04\third_party\SpoutSDK\SpoutDX\Windows\Receiver\targetver.h
C_TEMP_SPOUT_V04	C:\Temp\Spout-v04	third_party\SpoutSDK\SpoutDX\Windows\Receiver\WinSpoutDX.cpp	13528	2026-02-17 16:59:55	2EFAB85E59B3F0D7A6DF9D0F7070477F36B44E5E2807BE36D7AE0186DA3086AB	Z:\MediaPipe\Working-dir\_drop\spout-v04-snapshots\20260221_132223\files\C_TEMP_SPOUT_V04\third_party\SpoutSDK\SpoutDX\Windows\Receiver\WinSpoutDX.cpp
C_TEMP_SPOUT_V04	C:\Temp\Spout-v04	third_party\SpoutSDK\SpoutDX\Windows\Receiver\WinSpoutDX.h	102	2026-02-17 16:59:55	67574CAB2189C1E06B4472ED98FEFA34BFA8FD36B3E2BEF4FA740CE7BCE85ABE	Z:\MediaPipe\Working-dir\_drop\spout-v04-snapshots\20260221_132223\files\C_TEMP_SPOUT_V04\third_party\SpoutSDK\SpoutDX\Windows\Receiver\WinSpoutDX.h
C_TEMP_SPOUT_V04	C:\Temp\Spout-v04	third_party\SpoutSDK\SpoutDX\Windows\Sender\framework.h	395	2026-02-17 16:59:55	4AFDDED82FBF3D4822D743EA3C3167E11C9FB84591759B871761F4A27E761D77	Z:\MediaPipe\Working-dir\_drop\spout-v04-snapshots\20260221_132223\files\C_TEMP_SPOUT_V04\third_party\SpoutSDK\SpoutDX\Windows\Sender\framework.h
C_TEMP_SPOUT_V04	C:\Temp\Spout-v04	third_party\SpoutSDK\SpoutDX\Windows\Sender\Resource.h	729	2026-02-17 16:59:55	3DF77201EE1D9CDF570A1E34CC6E2412F25AA9118920F7F403DA2E326C32A1EE	Z:\MediaPipe\Working-dir\_drop\spout-v04-snapshots\20260221_132223\files\C_TEMP_SPOUT_V04\third_party\SpoutSDK\SpoutDX\Windows\Sender\Resource.h
C_TEMP_SPOUT_V04	C:\Temp\Spout-v04	third_party\SpoutSDK\SpoutDX\Windows\Sender\targetver.h	313	2026-02-17 16:59:55	78AA78692F92173C0FA10B02A233036E62A90414832C5470137C3E92FAAA00D7	Z:\MediaPipe\Working-dir\_drop\spout-v04-snapshots\20260221_132223\files\C_TEMP_SPOUT_V04\third_party\SpoutSDK\SpoutDX\Windows\Sender\targetver.h
C_TEMP_SPOUT_V04	C:\Temp\Spout-v04	third_party\SpoutSDK\SpoutDX\Windows\Sender\WinSpoutDX.cpp	12980	2026-02-17 16:59:55	560AF39249489F1C45656A900931F68B9725DC21E46B86175ECDFEAFAA29A2EA	Z:\MediaPipe\Working-dir\_drop\spout-v04-snapshots\20260221_132223\files\C_TEMP_SPOUT_V04\third_party\SpoutSDK\SpoutDX\Windows\Sender\WinSpoutDX.cpp
C_TEMP_SPOUT_V04	C:\Temp\Spout-v04	third_party\SpoutSDK\SpoutDX\Windows\Sender\WinSpoutDX.h	102	2026-02-17 16:59:55	67574CAB2189C1E06B4472ED98FEFA34BFA8FD36B3E2BEF4FA740CE7BCE85ABE	Z:\MediaPipe\Working-dir\_drop\spout-v04-snapshots\20260221_132223\files\C_TEMP_SPOUT_V04\third_party\SpoutSDK\SpoutDX\Windows\Sender\WinSpoutDX.h
C_TEMP_SPOUT_V04	C:\Temp\Spout-v04	third_party\SpoutSDK\SpoutGL\CMakeLists.txt	5510	2026-02-17 16:59:55	E8282B74B343483646FF68A445588973E4019336C87F9E5CDD013D0ACBA092FA	Z:\MediaPipe\Working-dir\_drop\spout-v04-snapshots\20260221_132223\files\C_TEMP_SPOUT_V04\third_party\SpoutSDK\SpoutGL\CMakeLists.txt
C_TEMP_SPOUT_V04	C:\Temp\Spout-v04	third_party\SpoutSDK\SpoutGL\readme.md	697	2026-02-17 16:59:55	FC33C28DA10968B45199BD53D3776356F59A6A06E5E4D115965F565913107219	Z:\MediaPipe\Working-dir\_drop\spout-v04-snapshots\20260221_132223\files\C_TEMP_SPOUT_V04\third_party\SpoutSDK\SpoutGL\readme.md
C_TEMP_SPOUT_V04	C:\Temp\Spout-v04	third_party\SpoutSDK\SpoutGL\Spout.cpp	106246	2026-02-17 16:59:55	310A4944DB4FA875113DF842A5F08D7A8569A446CE71A0E5156795B561E4EA4F	Z:\MediaPipe\Working-dir\_drop\spout-v04-snapshots\20260221_132223\files\C_TEMP_SPOUT_V04\third_party\SpoutSDK\SpoutGL\Spout.cpp
C_TEMP_SPOUT_V04	C:\Temp\Spout-v04	third_party\SpoutSDK\SpoutGL\Spout.h	11467	2026-02-17 16:59:55	D1DE5FDB48869AB41EB2E7A066130229DEC0F3DE5C6B2F80102B1EFB08A5C39A	Z:\MediaPipe\Working-dir\_drop\spout-v04-snapshots\20260221_132223\files\C_TEMP_SPOUT_V04\third_party\SpoutSDK\SpoutGL\Spout.h
C_TEMP_SPOUT_V04	C:\Temp\Spout-v04	third_party\SpoutSDK\SpoutGL\SpoutCommon.h	3451	2026-02-17 16:59:55	19CE2035C417D114BA0D8E900CB4F6707BF88FC0F6B78A75876BDCF8C534AE99	Z:\MediaPipe\Working-dir\_drop\spout-v04-snapshots\20260221_132223\files\C_TEMP_SPOUT_V04\third_party\SpoutSDK\SpoutGL\SpoutCommon.h
C_TEMP_SPOUT_V04	C:\Temp\Spout-v04	third_party\SpoutSDK\SpoutGL\SpoutCopy.cpp	64428	2026-02-17 16:59:55	C7D559F4ED0527EF2D39B6828C0760F630D2592300C1C801CFE584C4200CF8E5	Z:\MediaPipe\Working-dir\_drop\spout-v04-snapshots\20260221_132223\files\C_TEMP_SPOUT_V04\third_party\SpoutSDK\SpoutGL\SpoutCopy.cpp
C_TEMP_SPOUT_V04	C:\Temp\Spout-v04	third_party\SpoutSDK\SpoutGL\SpoutCopy.h	9704	2026-02-17 16:59:55	0CA6E26CB5C3E280CA85854B36187DFC996437F11702410F4E028CBC7E4B6503	Z:\MediaPipe\Working-dir\_drop\spout-v04-snapshots\20260221_132223\files\C_TEMP_SPOUT_V04\third_party\SpoutSDK\SpoutGL\SpoutCopy.h
C_TEMP_SPOUT_V04	C:\Temp\Spout-v04	third_party\SpoutSDK\SpoutGL\SpoutDirectX.cpp	70717	2026-02-17 16:59:55	314A65B5070488731DADF6AB374753D445F3E7FA8392BCD872C4820F86ABEB3D	Z:\MediaPipe\Working-dir\_drop\spout-v04-snapshots\20260221_132223\files\C_TEMP_SPOUT_V04\third_party\SpoutSDK\SpoutGL\SpoutDirectX.cpp
C_TEMP_SPOUT_V04	C:\Temp\Spout-v04	third_party\SpoutSDK\SpoutGL\SpoutDirectX.h	7445	2026-02-17 16:59:55	809F678D270B4A22EA1854A2A83DAF4C534535F20A18B2EAB8FA5038086BC397	Z:\MediaPipe\Working-dir\_drop\spout-v04-snapshots\20260221_132223\files\C_TEMP_SPOUT_V04\third_party\SpoutSDK\SpoutGL\SpoutDirectX.h
C_TEMP_SPOUT_V04	C:\Temp\Spout-v04	third_party\SpoutSDK\SpoutGL\SpoutFrameCount.cpp	43390	2026-02-17 16:59:55	4EBA0851B2B6294379079689376C2F1E0C77490EC9B3FF2E76162E5323ACE06D	Z:\MediaPipe\Working-dir\_drop\spout-v04-snapshots\20260221_132223\files\C_TEMP_SPOUT_V04\third_party\SpoutSDK\SpoutGL\SpoutFrameCount.cpp
C_TEMP_SPOUT_V04	C:\Temp\Spout-v04	third_party\SpoutSDK\SpoutGL\SpoutFrameCount.h	5943	2026-02-17 16:59:55	5E09D1AA49005F3CFB8DD1ED5328B78D0223D08630C06EEE66213CBCDAF3B4F9	Z:\MediaPipe\Working-dir\_drop\spout-v04-snapshots\20260221_132223\files\C_TEMP_SPOUT_V04\third_party\SpoutSDK\SpoutGL\SpoutFrameCount.h
C_TEMP_SPOUT_V04	C:\Temp\Spout-v04	third_party\SpoutSDK\SpoutGL\SpoutGL.cpp	147497	2026-02-17 16:59:55	24BE069C4649155CD451AF9870C56D5C49ED73825295DBF1DBD7AEE8F72B1AC6	Z:\MediaPipe\Working-dir\_drop\spout-v04-snapshots\20260221_132223\files\C_TEMP_SPOUT_V04\third_party\SpoutSDK\SpoutGL\SpoutGL.cpp
C_TEMP_SPOUT_V04	C:\Temp\Spout-v04	third_party\SpoutSDK\SpoutGL\SpoutGL.h	16712	2026-02-17 16:59:55	F034328DD772CC265788637F9805C1FC404A1DA98D5124A6CB6DF68D819CFD2A	Z:\MediaPipe\Working-dir\_drop\spout-v04-snapshots\20260221_132223\files\C_TEMP_SPOUT_V04\third_party\SpoutSDK\SpoutGL\SpoutGL.h
C_TEMP_SPOUT_V04	C:\Temp\Spout-v04	third_party\SpoutSDK\SpoutGL\SpoutGLextensions.cpp	32907	2026-02-17 16:59:55	CC9D2C8E2E9998B52CF5A6128C96F0F4835CF441FE92AC462953D77FF7528A8C	Z:\MediaPipe\Working-dir\_drop\spout-v04-snapshots\20260221_132223\files\C_TEMP_SPOUT_V04\third_party\SpoutSDK\SpoutGL\SpoutGLextensions.cpp
C_TEMP_SPOUT_V04	C:\Temp\Spout-v04	third_party\SpoutSDK\SpoutGL\SpoutGLextensions.h	37422	2026-02-17 16:59:55	ED2E18E9C29418B633062213250EB10B05A56166CFAA015B83F003578A644D1E	Z:\MediaPipe\Working-dir\_drop\spout-v04-snapshots\20260221_132223\files\C_TEMP_SPOUT_V04\third_party\SpoutSDK\SpoutGL\SpoutGLextensions.h
C_TEMP_SPOUT_V04	C:\Temp\Spout-v04	third_party\SpoutSDK\SpoutGL\SpoutReceiver.cpp	23088	2026-02-17 16:59:55	EBD33AF38C69B81ECAB5A98FC284AE7833A6C97B3FE51BC1EA8431F53058C02E	Z:\MediaPipe\Working-dir\_drop\spout-v04-snapshots\20260221_132223\files\C_TEMP_SPOUT_V04\third_party\SpoutSDK\SpoutGL\SpoutReceiver.cpp
C_TEMP_SPOUT_V04	C:\Temp\Spout-v04	third_party\SpoutSDK\SpoutGL\SpoutReceiver.h	11794	2026-02-17 16:59:55	87311011FE3078ABF3308B23E054C076B0A310F1F1EB1D66FFBBB1DC7D74D4BB	Z:\MediaPipe\Working-dir\_drop\spout-v04-snapshots\20260221_132223\files\C_TEMP_SPOUT_V04\third_party\SpoutSDK\SpoutGL\SpoutReceiver.h
C_TEMP_SPOUT_V04	C:\Temp\Spout-v04	third_party\SpoutSDK\SpoutGL\SpoutSender.cpp	21188	2026-02-17 16:59:55	173F7EEBA8F36D2711D51950CAF42308842CD5E5DBF4CD63012616D211CD0D5C	Z:\MediaPipe\Working-dir\_drop\spout-v04-snapshots\20260221_132223\files\C_TEMP_SPOUT_V04\third_party\SpoutSDK\SpoutGL\SpoutSender.cpp
C_TEMP_SPOUT_V04	C:\Temp\Spout-v04	third_party\SpoutSDK\SpoutGL\SpoutSender.h	10267	2026-02-17 16:59:55	34C561085FD0123DBAE821ADE704B9FA8CDC12032166A4B7C25820F6A5A9D159	Z:\MediaPipe\Working-dir\_drop\spout-v04-snapshots\20260221_132223\files\C_TEMP_SPOUT_V04\third_party\SpoutSDK\SpoutGL\SpoutSender.h
C_TEMP_SPOUT_V04	C:\Temp\Spout-v04	third_party\SpoutSDK\SpoutGL\SpoutSenderNames.cpp	42942	2026-02-17 16:59:55	97965A1512CDF527086838E89B741158CD3FE9EA215EB322F4CBC94D74F42D04	Z:\MediaPipe\Working-dir\_drop\spout-v04-snapshots\20260221_132223\files\C_TEMP_SPOUT_V04\third_party\SpoutSDK\SpoutGL\SpoutSenderNames.cpp
C_TEMP_SPOUT_V04	C:\Temp\Spout-v04	third_party\SpoutSDK\SpoutGL\SpoutSenderNames.h	8545	2026-02-17 16:59:55	D9CE7069C9403378EAC4CB4D3082CE2657504269CD92BB4B8BB3461BE2EC4E83	Z:\MediaPipe\Working-dir\_drop\spout-v04-snapshots\20260221_132223\files\C_TEMP_SPOUT_V04\third_party\SpoutSDK\SpoutGL\SpoutSenderNames.h
C_TEMP_SPOUT_V04	C:\Temp\Spout-v04	third_party\SpoutSDK\SpoutGL\SpoutSharedMemory.cpp	8961	2026-02-17 16:59:55	DB606F85B648DAAB438637520C6F2F99B92C26AAECE3E9938629502DBA544A17	Z:\MediaPipe\Working-dir\_drop\spout-v04-snapshots\20260221_132223\files\C_TEMP_SPOUT_V04\third_party\SpoutSDK\SpoutGL\SpoutSharedMemory.cpp
C_TEMP_SPOUT_V04	C:\Temp\Spout-v04	third_party\SpoutSDK\SpoutGL\SpoutSharedMemory.h	2772	2026-02-17 16:59:55	5567DA567945D0FEED074C73FFCF76C5917C10506F86D167FC765DA5AA62271D	Z:\MediaPipe\Working-dir\_drop\spout-v04-snapshots\20260221_132223\files\C_TEMP_SPOUT_V04\third_party\SpoutSDK\SpoutGL\SpoutSharedMemory.h
C_TEMP_SPOUT_V04	C:\Temp\Spout-v04	third_party\SpoutSDK\SpoutGL\SpoutUtils.cpp	82200	2026-02-17 16:59:55	05BD391BC8907CBB4AD2C7EFC5C65CB5B826DEF4AA0A56E606740D982B52C1B1	Z:\MediaPipe\Working-dir\_drop\spout-v04-snapshots\20260221_132223\files\C_TEMP_SPOUT_V04\third_party\SpoutSDK\SpoutGL\SpoutUtils.cpp
C_TEMP_SPOUT_V04	C:\Temp\Spout-v04	third_party\SpoutSDK\SpoutGL\SpoutUtils.h	15025	2026-02-17 16:59:55	22346227A4815855ADA400B4980DD9A50A026DBF6D398FEFBEF4D34C0F4349EB	Z:\MediaPipe\Working-dir\_drop\spout-v04-snapshots\20260221_132223\files\C_TEMP_SPOUT_V04\third_party\SpoutSDK\SpoutGL\SpoutUtils.h
Z_WORKINGDIR_SPOUT_V04	Z:\MediaPipe\Working-dir\Spout-v04	build\SpoutMaskSenderDX11\CMakeCache.txt	14115	2026-02-18 16:08:44	74F1B2525EEC74E7AB0EDC9969A1E560A72E2D34B5766368777027D0FEDBB6CC	Z:\MediaPipe\Working-dir\_drop\spout-v04-snapshots\20260221_132223\files\Z_WORKINGDIR_SPOUT_V04\build\SpoutMaskSenderDX11\CMakeCache.txt
Z_WORKINGDIR_SPOUT_V04	Z:\MediaPipe\Working-dir\Spout-v04	build\SpoutMaskSenderDX11\CMakeFiles\CMakeConfigureLog.yaml	226622	2026-02-18 16:10:28	9F0BB3AF8B2A5E7B082A86530654AFBDC58D5893953AB3EB3909752E7DD0DE36	Z:\MediaPipe\Working-dir\_drop\spout-v04-snapshots\20260221_132223\files\Z_WORKINGDIR_SPOUT_V04\build\SpoutMaskSenderDX11\CMakeFiles\CMakeConfigureLog.yaml
Z_WORKINGDIR_SPOUT_V04	Z:\MediaPipe\Working-dir\Spout-v04	build\SpoutMaskSenderDX11\CMakeFiles\4.2.3\CMakeSystem.cmake	395	2026-02-18 16:06:49	5BFDE5E3C20AEEDB180DD5FED3E3D2929CC47CDEDC6EB9BCE2398809322CE5FE	Z:\MediaPipe\Working-dir\_drop\spout-v04-snapshots\20260221_132223\files\Z_WORKINGDIR_SPOUT_V04\build\SpoutMaskSenderDX11\CMakeFiles\4.2.3\CMakeSystem.cmake
Z_WORKINGDIR_SPOUT_V04	Z:\MediaPipe\Working-dir\Spout-v04	build\SpoutMaskSenderDX11\CMakeFiles\4.2.3\CompilerIdCXX\CMakeCXXCompilerId.cpp	30429	2026-02-18 16:10:28	9E26B0F20786A2D59935F5DDDB7DBECEB54E40F39FFD6996B2FC0E339431808D	Z:\MediaPipe\Working-dir\_drop\spout-v04-snapshots\20260221_132223\files\Z_WORKINGDIR_SPOUT_V04\build\SpoutMaskSenderDX11\CMakeFiles\4.2.3\CompilerIdCXX\CMakeCXXCompilerId.cpp
Z_WORKINGDIR_SPOUT_V04	Z:\MediaPipe\Working-dir\Spout-v04	build\SpoutMaskSenderDX11_vs\CMakeCache.txt	13094	2026-02-18 16:37:53	761573EAE3B962A95E000B57D325423E604639DA185DE2A88F4D20A700A990B3	Z:\MediaPipe\Working-dir\_drop\spout-v04-snapshots\20260221_132223\files\Z_WORKINGDIR_SPOUT_V04\build\SpoutMaskSenderDX11_vs\CMakeCache.txt
Z_WORKINGDIR_SPOUT_V04	Z:\MediaPipe\Working-dir\Spout-v04	build\SpoutMaskSenderDX11_vs\cmake_install.cmake	2002	2026-02-18 16:37:54	5B4FB6AD4CAEB2AD208AE1A60EED33D9BF4F606FEE18EE00864C060BB87EA0BD	Z:\MediaPipe\Working-dir\_drop\spout-v04-snapshots\20260221_132223\files\Z_WORKINGDIR_SPOUT_V04\build\SpoutMaskSenderDX11_vs\cmake_install.cmake
Z_WORKINGDIR_SPOUT_V04	Z:\MediaPipe\Working-dir\Spout-v04	build\SpoutMaskSenderDX11_vs\CMakeFiles\CMakeConfigureLog.yaml	46504	2026-02-18 16:37:53	8DA9DE73D14B3E1EA2B674430373132B6892E4EC3409D62C53EDC5CD840CA8B8	Z:\MediaPipe\Working-dir\_drop\spout-v04-snapshots\20260221_132223\files\Z_WORKINGDIR_SPOUT_V04\build\SpoutMaskSenderDX11_vs\CMakeFiles\CMakeConfigureLog.yaml
Z_WORKINGDIR_SPOUT_V04	Z:\MediaPipe\Working-dir\Spout-v04	build\SpoutMaskSenderDX11_vs\CMakeFiles\InstallScripts.json	147	2026-02-18 16:37:54	D64BFB06D8DAB79550DCCC89EB357CE4179ED21A8A292BD1B67965F17F07EAE2	Z:\MediaPipe\Working-dir\_drop\spout-v04-snapshots\20260221_132223\files\Z_WORKINGDIR_SPOUT_V04\build\SpoutMaskSenderDX11_vs\CMakeFiles\InstallScripts.json
Z_WORKINGDIR_SPOUT_V04	Z:\MediaPipe\Working-dir\Spout-v04	build\SpoutMaskSenderDX11_vs\CMakeFiles\TargetDirectories.txt	281	2026-02-18 16:37:54	C1263D5531B206EB77ACF1ED1462BC95A60CE95BA74540C119A2943351A765BE	Z:\MediaPipe\Working-dir\_drop\spout-v04-snapshots\20260221_132223\files\Z_WORKINGDIR_SPOUT_V04\build\SpoutMaskSenderDX11_vs\CMakeFiles\TargetDirectories.txt
Z_WORKINGDIR_SPOUT_V04	Z:\MediaPipe\Working-dir\Spout-v04	build\SpoutMaskSenderDX11_vs\CMakeFiles\4.2.3\CMakeCXXCompiler.cmake	6543	2026-02-18 16:37:53	10728DA13B4BD02EEA836CF43D72ED4C0768AF2B8A5FEA67805FF9D1FB57DFA3	Z:\MediaPipe\Working-dir\_drop\spout-v04-snapshots\20260221_132223\files\Z_WORKINGDIR_SPOUT_V04\build\SpoutMaskSenderDX11_vs\CMakeFiles\4.2.3\CMakeCXXCompiler.cmake
Z_WORKINGDIR_SPOUT_V04	Z:\MediaPipe\Working-dir\Spout-v04	build\SpoutMaskSenderDX11_vs\CMakeFiles\4.2.3\CMakeRCCompiler.cmake	212	2026-02-18 16:37:48	85223E3627AB66035651F1BC87D7AB01C67BCCD4C1132EA0EBCF6FD87DE0C7D1	Z:\MediaPipe\Working-dir\_drop\spout-v04-snapshots\20260221_132223\files\Z_WORKINGDIR_SPOUT_V04\build\SpoutMaskSenderDX11_vs\CMakeFiles\4.2.3\CMakeRCCompiler.cmake
Z_WORKINGDIR_SPOUT_V04	Z:\MediaPipe\Working-dir\Spout-v04	build\SpoutMaskSenderDX11_vs\CMakeFiles\4.2.3\CMakeSystem.cmake	395	2026-02-18 16:37:42	5BFDE5E3C20AEEDB180DD5FED3E3D2929CC47CDEDC6EB9BCE2398809322CE5FE	Z:\MediaPipe\Working-dir\_drop\spout-v04-snapshots\20260221_132223\files\Z_WORKINGDIR_SPOUT_V04\build\SpoutMaskSenderDX11_vs\CMakeFiles\4.2.3\CMakeSystem.cmake
Z_WORKINGDIR_SPOUT_V04	Z:\MediaPipe\Working-dir\Spout-v04	build\SpoutMaskSenderDX11_vs\CMakeFiles\4.2.3\VCTargetsPath.txt	90	2026-02-18 16:37:44	7BF0943F47FD89DDF6E8623056ED4AFA49693BCC8C6885EA90D889DBBC3CAD9C	Z:\MediaPipe\Working-dir\_drop\spout-v04-snapshots\20260221_132223\files\Z_WORKINGDIR_SPOUT_V04\build\SpoutMaskSenderDX11_vs\CMakeFiles\4.2.3\VCTargetsPath.txt
Z_WORKINGDIR_SPOUT_V04	Z:\MediaPipe\Working-dir\Spout-v04	build\SpoutMaskSenderDX11_vs\CMakeFiles\4.2.3\CompilerIdCXX\CMakeCXXCompilerId.cpp	30429	2026-02-18 16:37:44	9E26B0F20786A2D59935F5DDDB7DBECEB54E40F39FFD6996B2FC0E339431808D	Z:\MediaPipe\Working-dir\_drop\spout-v04-snapshots\20260221_132223\files\Z_WORKINGDIR_SPOUT_V04\build\SpoutMaskSenderDX11_vs\CMakeFiles\4.2.3\CompilerIdCXX\CMakeCXXCompilerId.cpp
Z_WORKINGDIR_SPOUT_V04	Z:\MediaPipe\Working-dir\Spout-v04	build\SpoutMaskSenderDX11_vs\Release\sender_config.json	13479	2026-02-20 11:42:26	3B322FF751444FF91888C7A7802879F8747A413EB6501DDFC60CE84D012C9857	Z:\MediaPipe\Working-dir\_drop\spout-v04-snapshots\20260221_132223\files\Z_WORKINGDIR_SPOUT_V04\build\SpoutMaskSenderDX11_vs\Release\sender_config.json
Z_WORKINGDIR_SPOUT_V04	Z:\MediaPipe\Working-dir\Spout-v04	build\SpoutMaskSenderDX11_vs\x64\Release\ZERO_CHECK\ZERO_CHECK.Build.CppClean.log	0	2026-02-18 23:06:13	E3B0C44298FC1C149AFBF4C8996FB92427AE41E4649B934CA495991B7852B855	Z:\MediaPipe\Working-dir\_drop\spout-v04-snapshots\20260221_132223\files\Z_WORKINGDIR_SPOUT_V04\build\SpoutMaskSenderDX11_vs\x64\Release\ZERO_CHECK\ZERO_CHECK.Build.CppClean.log
Z_WORKINGDIR_SPOUT_V04	Z:\MediaPipe\Working-dir\Spout-v04	build\SpoutMaskSenderDX11_vs\x64\Release\ZERO_CHECK\ZERO_CHECK.vcxproj.FileListAbsolute.txt	0	2026-02-18 22:45:11	E3B0C44298FC1C149AFBF4C8996FB92427AE41E4649B934CA495991B7852B855	Z:\MediaPipe\Working-dir\_drop\spout-v04-snapshots\20260221_132223\files\Z_WORKINGDIR_SPOUT_V04\build\SpoutMaskSenderDX11_vs\x64\Release\ZERO_CHECK\ZERO_CHECK.vcxproj.FileListAbsolute.txt
Z_WORKINGDIR_SPOUT_V04	Z:\MediaPipe\Working-dir\Spout-v04	cpp\SpoutMaskSenderDX11\build.ps1	328	2026-02-18 16:03:27	1E3447EA03950977A4E1BF323F1FD9D409FC0AFA9D84E251FCF06E0750AE23BD	Z:\MediaPipe\Working-dir\_drop\spout-v04-snapshots\20260221_132223\files\Z_WORKINGDIR_SPOUT_V04\cpp\SpoutMaskSenderDX11\build.ps1
Z_WORKINGDIR_SPOUT_V04	Z:\MediaPipe\Working-dir\Spout-v04	cpp\SpoutMaskSenderDX11\CMakeLists.txt	1433	2026-02-20 11:39:55	440543F40658613C40B2188AFF2B08F8DF40D716337AF81E8B5BAA151639E47D	Z:\MediaPipe\Working-dir\_drop\spout-v04-snapshots\20260221_132223\files\Z_WORKINGDIR_SPOUT_V04\cpp\SpoutMaskSenderDX11\CMakeLists.txt
Z_WORKINGDIR_SPOUT_V04	Z:\MediaPipe\Working-dir\Spout-v04	cpp\SpoutMaskSenderDX11\main.cpp	13479	2026-02-20 11:41:26	3B322FF751444FF91888C7A7802879F8747A413EB6501DDFC60CE84D012C9857	Z:\MediaPipe\Working-dir\_drop\spout-v04-snapshots\20260221_132223\files\Z_WORKINGDIR_SPOUT_V04\cpp\SpoutMaskSenderDX11\main.cpp
Z_WORKINGDIR_SPOUT_V04	Z:\MediaPipe\Working-dir\Spout-v04	python\mmap_mask_writer.py	1122	2026-02-18 16:04:24	1F25515D5F659B5A5A1C48277866DA5D0AFFB0012DC5CA118C7577AB10346C58	Z:\MediaPipe\Working-dir\_drop\spout-v04-snapshots\20260221_132223\files\Z_WORKINGDIR_SPOUT_V04\python\mmap_mask_writer.py
Z_WORKINGDIR_SPOUT_V04	Z:\MediaPipe\Working-dir\Spout-v04	third_party\json.hpp	993142	2026-02-19 00:04:34	69FB172D401AF4E4280684D159F9BE432E9C2FAEC4E64A84A373BCB39753B953	Z:\MediaPipe\Working-dir\_drop\spout-v04-snapshots\20260221_132223\files\Z_WORKINGDIR_SPOUT_V04\third_party\json.hpp
Z_WORKINGDIR_SPOUT_V04	Z:\MediaPipe\Working-dir\Spout-v04	third_party\SpoutSDK\SpoutDX\CMakeLists.txt	4503	2026-02-17 16:59:54	C26AEDDBCF202C88AE3A37362851D430C55BDFCFD34DEF26D341A282BB3E21B9	Z:\MediaPipe\Working-dir\_drop\spout-v04-snapshots\20260221_132223\files\Z_WORKINGDIR_SPOUT_V04\third_party\SpoutSDK\SpoutDX\CMakeLists.txt
Z_WORKINGDIR_SPOUT_V04	Z:\MediaPipe\Working-dir\Spout-v04	third_party\SpoutSDK\SpoutDX\SpoutDX.cpp	95395	2026-02-17 16:59:54	8DB8FE52474D6D081A1833324EF8646F0DA1899E3864EC126928BFE299C21BC4	Z:\MediaPipe\Working-dir\_drop\spout-v04-snapshots\20260221_132223\files\Z_WORKINGDIR_SPOUT_V04\third_party\SpoutSDK\SpoutDX\SpoutDX.cpp
Z_WORKINGDIR_SPOUT_V04	Z:\MediaPipe\Working-dir\Spout-v04	third_party\SpoutSDK\SpoutDX\SpoutDX.h	12426	2026-02-17 16:59:54	B181BE79F2CC3D1830A6C4CF38D8B63DDA25FDC4F3558D606B2D1D23B3816446	Z:\MediaPipe\Working-dir\_drop\spout-v04-snapshots\20260221_132223\files\Z_WORKINGDIR_SPOUT_V04\third_party\SpoutSDK\SpoutDX\SpoutDX.h
Z_WORKINGDIR_SPOUT_V04	Z:\MediaPipe\Working-dir\Spout-v04	third_party\SpoutSDK\SpoutDX\Binaries\Examples\readme.md	106	2026-02-17 16:59:54	A9DFE2C563EBF8FC74D05B979B12D70327CE5A83EDBC9A6861D2F4019D63099C	Z:\MediaPipe\Working-dir\_drop\spout-v04-snapshots\20260221_132223\files\Z_WORKINGDIR_SPOUT_V04\third_party\SpoutSDK\SpoutDX\Binaries\Examples\readme.md
Z_WORKINGDIR_SPOUT_V04	Z:\MediaPipe\Working-dir\Spout-v04	third_party\SpoutSDK\SpoutDX\SpoutDX12\CMakeLists.txt	3256	2026-02-17 16:59:54	01992FD15EC54BF41708A36841FADB64D36D273082C2A59CA05B096028E0E81F	Z:\MediaPipe\Working-dir\_drop\spout-v04-snapshots\20260221_132223\files\Z_WORKINGDIR_SPOUT_V04\third_party\SpoutSDK\SpoutDX\SpoutDX12\CMakeLists.txt
Z_WORKINGDIR_SPOUT_V04	Z:\MediaPipe\Working-dir\Spout-v04	third_party\SpoutSDK\SpoutDX\SpoutDX12\readme.md	2038	2026-02-17 16:59:54	F3BFE321C1944D334C4C75BDC918C0DE6A9BA00623F66DD9CAF88468A4D54FF3	Z:\MediaPipe\Working-dir\_drop\spout-v04-snapshots\20260221_132223\files\Z_WORKINGDIR_SPOUT_V04\third_party\SpoutSDK\SpoutDX\SpoutDX12\readme.md
Z_WORKINGDIR_SPOUT_V04	Z:\MediaPipe\Working-dir\Spout-v04	third_party\SpoutSDK\SpoutDX\SpoutDX12\SpoutDX12.cpp	20626	2026-02-17 16:59:54	F4003D2D4390FE5A575C1846950DC17CA5C68537A353F59ABB03A7A3CAAD2E1B	Z:\MediaPipe\Working-dir\_drop\spout-v04-snapshots\20260221_132223\files\Z_WORKINGDIR_SPOUT_V04\third_party\SpoutSDK\SpoutDX\SpoutDX12\SpoutDX12.cpp
Z_WORKINGDIR_SPOUT_V04	Z:\MediaPipe\Working-dir\Spout-v04	third_party\SpoutSDK\SpoutDX\SpoutDX12\SpoutDX12.h	5738	2026-02-17 16:59:54	698C30C41C3A2ECB21B1DD55EF24F57CF9D1A2CE289F3900C6A4CA5B7C3191D2	Z:\MediaPipe\Working-dir\_drop\spout-v04-snapshots\20260221_132223\files\Z_WORKINGDIR_SPOUT_V04\third_party\SpoutSDK\SpoutDX\SpoutDX12\SpoutDX12.h
Z_WORKINGDIR_SPOUT_V04	Z:\MediaPipe\Working-dir\Spout-v04	third_party\SpoutSDK\SpoutDX\SpoutDX12\D3D12TextureReceiver\D3D12HelloTexture.cpp	25798	2026-02-17 16:59:54	B6F9506F1648C47F8C05C3C33FB29B6FBF2CCA0817ADCDAB35FDD5B7153FFCDA	Z:\MediaPipe\Working-dir\_drop\spout-v04-snapshots\20260221_132223\files\Z_WORKINGDIR_SPOUT_V04\third_party\SpoutSDK\SpoutDX\SpoutDX12\D3D12TextureReceiver\D3D12HelloTexture.cpp
Z_WORKINGDIR_SPOUT_V04	Z:\MediaPipe\Working-dir\Spout-v04	third_party\SpoutSDK\SpoutDX\SpoutDX12\D3D12TextureReceiver\D3D12HelloTexture.h	2654	2026-02-17 16:59:54	597CFFEBB66D5B7F1514FD0BECCB3638CA959E91DC0614BDFB533A1B079E5622	Z:\MediaPipe\Working-dir\_drop\spout-v04-snapshots\20260221_132223\files\Z_WORKINGDIR_SPOUT_V04\third_party\SpoutSDK\SpoutDX\SpoutDX12\D3D12TextureReceiver\D3D12HelloTexture.h
Z_WORKINGDIR_SPOUT_V04	Z:\MediaPipe\Working-dir\Spout-v04	third_party\SpoutSDK\SpoutDX\SpoutDX12\D3D12TextureReceiver\d3dx12.h	171545	2026-02-17 16:59:54	B4B588807455283A3632B3919FA0C1EA299D47E0117961691126A949FABEAF4C	Z:\MediaPipe\Working-dir\_drop\spout-v04-snapshots\20260221_132223\files\Z_WORKINGDIR_SPOUT_V04\third_party\SpoutSDK\SpoutDX\SpoutDX12\D3D12TextureReceiver\d3dx12.h
Z_WORKINGDIR_SPOUT_V04	Z:\MediaPipe\Working-dir\Spout-v04	third_party\SpoutSDK\SpoutDX\SpoutDX12\D3D12TextureReceiver\DXSample.cpp	4189	2026-02-17 16:59:54	D0DCE90779D5B7EFD5640610AB8EDEFC17C064DC4FFF901BE844E31E86BF08B7	Z:\MediaPipe\Working-dir\_drop\spout-v04-snapshots\20260221_132223\files\Z_WORKINGDIR_SPOUT_V04\third_party\SpoutSDK\SpoutDX\SpoutDX12\D3D12TextureReceiver\DXSample.cpp
Z_WORKINGDIR_SPOUT_V04	Z:\MediaPipe\Working-dir\Spout-v04	third_party\SpoutSDK\SpoutDX\SpoutDX12\D3D12TextureReceiver\DXSample.h	1799	2026-02-17 16:59:54	E115571B42375D9E22411BE4808EFE34C3624E6CA58515620FD0D105428F87F1	Z:\MediaPipe\Working-dir\_drop\spout-v04-snapshots\20260221_132223\files\Z_WORKINGDIR_SPOUT_V04\third_party\SpoutSDK\SpoutDX\SpoutDX12\D3D12TextureReceiver\DXSample.h
Z_WORKINGDIR_SPOUT_V04	Z:\MediaPipe\Working-dir\Spout-v04	third_party\SpoutSDK\SpoutDX\SpoutDX12\D3D12TextureReceiver\DXSampleHelper.h	7156	2026-02-17 16:59:54	7BF10EC1BC5C3DDFBFD861638F398A0D4D0F946E5700F091E6BCE3163115A6C7	Z:\MediaPipe\Working-dir\_drop\spout-v04-snapshots\20260221_132223\files\Z_WORKINGDIR_SPOUT_V04\third_party\SpoutSDK\SpoutDX\SpoutDX12\D3D12TextureReceiver\DXSampleHelper.h
Z_WORKINGDIR_SPOUT_V04	Z:\MediaPipe\Working-dir\Spout-v04	third_party\SpoutSDK\SpoutDX\SpoutDX12\D3D12TextureReceiver\Main.cpp	745	2026-02-17 16:59:54	8EE0759A1B1F0DC575E7435FC88C4F012BB837EBE1FB2F46E21B532F49E10EC8	Z:\MediaPipe\Working-dir\_drop\spout-v04-snapshots\20260221_132223\files\Z_WORKINGDIR_SPOUT_V04\third_party\SpoutSDK\SpoutDX\SpoutDX12\D3D12TextureReceiver\Main.cpp
Z_WORKINGDIR_SPOUT_V04	Z:\MediaPipe\Working-dir\Spout-v04	third_party\SpoutSDK\SpoutDX\SpoutDX12\D3D12TextureReceiver\stdafx.cpp	469	2026-02-17 16:59:54	E42CF489F01CB1C01992BBB898D4C83000CDBDED3C8A943C50923A18BC9E9569	Z:\MediaPipe\Working-dir\_drop\spout-v04-snapshots\20260221_132223\files\Z_WORKINGDIR_SPOUT_V04\third_party\SpoutSDK\SpoutDX\SpoutDX12\D3D12TextureReceiver\stdafx.cpp
Z_WORKINGDIR_SPOUT_V04	Z:\MediaPipe\Working-dir\Spout-v04	third_party\SpoutSDK\SpoutDX\SpoutDX12\D3D12TextureReceiver\stdafx.h	978	2026-02-17 16:59:54	5959DBB197E0A44C3704C5BA77BD11361CA4F4D7385A00A0F2351FD0C47966E5	Z:\MediaPipe\Working-dir\_drop\spout-v04-snapshots\20260221_132223\files\Z_WORKINGDIR_SPOUT_V04\third_party\SpoutSDK\SpoutDX\SpoutDX12\D3D12TextureReceiver\stdafx.h
Z_WORKINGDIR_SPOUT_V04	Z:\MediaPipe\Working-dir\Spout-v04	third_party\SpoutSDK\SpoutDX\SpoutDX12\D3D12TextureReceiver\Win32Application.cpp	3892	2026-02-17 16:59:54	CE88611F936B4D48B664B03D54FA60F17B37CA40106961CDEEFF9444C382C23B	Z:\MediaPipe\Working-dir\_drop\spout-v04-snapshots\20260221_132223\files\Z_WORKINGDIR_SPOUT_V04\third_party\SpoutSDK\SpoutDX\SpoutDX12\D3D12TextureReceiver\Win32Application.cpp
Z_WORKINGDIR_SPOUT_V04	Z:\MediaPipe\Working-dir\Spout-v04	third_party\SpoutSDK\SpoutDX\SpoutDX12\D3D12TextureReceiver\Win32Application.h	816	2026-02-17 16:59:54	40347C1A011A49073BB1C82D290EE44377B858081B966F1302290CE7BCAD6EDA	Z:\MediaPipe\Working-dir\_drop\spout-v04-snapshots\20260221_132223\files\Z_WORKINGDIR_SPOUT_V04\third_party\SpoutSDK\SpoutDX\SpoutDX12\D3D12TextureReceiver\Win32Application.h
Z_WORKINGDIR_SPOUT_V04	Z:\MediaPipe\Working-dir\Spout-v04	third_party\SpoutSDK\SpoutDX\SpoutDX12\D3D12TriangleSender\D3D12HelloTriangle.cpp	16809	2026-02-17 16:59:54	980F35D6AEB52D9ED4FBBE21F6A0D9A2C18A07312528E7317DB6D0D59518AF7E	Z:\MediaPipe\Working-dir\_drop\spout-v04-snapshots\20260221_132223\files\Z_WORKINGDIR_SPOUT_V04\third_party\SpoutSDK\SpoutDX\SpoutDX12\D3D12TriangleSender\D3D12HelloTriangle.cpp
Z_WORKINGDIR_SPOUT_V04	Z:\MediaPipe\Working-dir\Spout-v04	third_party\SpoutSDK\SpoutDX\SpoutDX12\D3D12TriangleSender\D3D12HelloTriangle.h	2242	2026-02-17 16:59:54	30244FED61CC519C0241493C11450156514B2BC702C487855C667A93A92723E9	Z:\MediaPipe\Working-dir\_drop\spout-v04-snapshots\20260221_132223\files\Z_WORKINGDIR_SPOUT_V04\third_party\SpoutSDK\SpoutDX\SpoutDX12\D3D12TriangleSender\D3D12HelloTriangle.h
Z_WORKINGDIR_SPOUT_V04	Z:\MediaPipe\Working-dir\Spout-v04	third_party\SpoutSDK\SpoutDX\SpoutDX12\D3D12TriangleSender\d3dx12.h	171560	2026-02-17 16:59:54	3D52129600CCAAC169BE1A691EB4647E5CC0D7DD8A526313416F3F34270DC95E	Z:\MediaPipe\Working-dir\_drop\spout-v04-snapshots\20260221_132223\files\Z_WORKINGDIR_SPOUT_V04\third_party\SpoutSDK\SpoutDX\SpoutDX12\D3D12TriangleSender\d3dx12.h
Z_WORKINGDIR_SPOUT_V04	Z:\MediaPipe\Working-dir\Spout-v04	third_party\SpoutSDK\SpoutDX\SpoutDX12\D3D12TriangleSender\DXSample.cpp	4189	2026-02-17 16:59:54	D0DCE90779D5B7EFD5640610AB8EDEFC17C064DC4FFF901BE844E31E86BF08B7	Z:\MediaPipe\Working-dir\_drop\spout-v04-snapshots\20260221_132223\files\Z_WORKINGDIR_SPOUT_V04\third_party\SpoutSDK\SpoutDX\SpoutDX12\D3D12TriangleSender\DXSample.cpp
Z_WORKINGDIR_SPOUT_V04	Z:\MediaPipe\Working-dir\Spout-v04	third_party\SpoutSDK\SpoutDX\SpoutDX12\D3D12TriangleSender\DXSample.h	1799	2026-02-17 16:59:54	E115571B42375D9E22411BE4808EFE34C3624E6CA58515620FD0D105428F87F1	Z:\MediaPipe\Working-dir\_drop\spout-v04-snapshots\20260221_132223\files\Z_WORKINGDIR_SPOUT_V04\third_party\SpoutSDK\SpoutDX\SpoutDX12\D3D12TriangleSender\DXSample.h
Z_WORKINGDIR_SPOUT_V04	Z:\MediaPipe\Working-dir\Spout-v04	third_party\SpoutSDK\SpoutDX\SpoutDX12\D3D12TriangleSender\DXSampleHelper.h	7156	2026-02-17 16:59:54	7BF10EC1BC5C3DDFBFD861638F398A0D4D0F946E5700F091E6BCE3163115A6C7	Z:\MediaPipe\Working-dir\_drop\spout-v04-snapshots\20260221_132223\files\Z_WORKINGDIR_SPOUT_V04\third_party\SpoutSDK\SpoutDX\SpoutDX12\D3D12TriangleSender\DXSampleHelper.h
Z_WORKINGDIR_SPOUT_V04	Z:\MediaPipe\Working-dir\Spout-v04	third_party\SpoutSDK\SpoutDX\SpoutDX12\D3D12TriangleSender\Main.cpp	746	2026-02-17 16:59:54	B71AF14D1344F2E2161F7AE40E0FFEC89F09AF9EB93424260FE2350DF0FFDE12	Z:\MediaPipe\Working-dir\_drop\spout-v04-snapshots\20260221_132223\files\Z_WORKINGDIR_SPOUT_V04\third_party\SpoutSDK\SpoutDX\SpoutDX12\D3D12TriangleSender\Main.cpp
Z_WORKINGDIR_SPOUT_V04	Z:\MediaPipe\Working-dir\Spout-v04	third_party\SpoutSDK\SpoutDX\SpoutDX12\D3D12TriangleSender\stdafx.cpp	469	2026-02-17 16:59:54	E42CF489F01CB1C01992BBB898D4C83000CDBDED3C8A943C50923A18BC9E9569	Z:\MediaPipe\Working-dir\_drop\spout-v04-snapshots\20260221_132223\files\Z_WORKINGDIR_SPOUT_V04\third_party\SpoutSDK\SpoutDX\SpoutDX12\D3D12TriangleSender\stdafx.cpp
Z_WORKINGDIR_SPOUT_V04	Z:\MediaPipe\Working-dir\Spout-v04	third_party\SpoutSDK\SpoutDX\SpoutDX12\D3D12TriangleSender\stdafx.h	959	2026-02-17 16:59:54	476AFBCC9784D35DB66C6B8E45B143B61EFFAA852F93A5C0862061C16BAFC8B5	Z:\MediaPipe\Working-dir\_drop\spout-v04-snapshots\20260221_132223\files\Z_WORKINGDIR_SPOUT_V04\third_party\SpoutSDK\SpoutDX\SpoutDX12\D3D12TriangleSender\stdafx.h
Z_WORKINGDIR_SPOUT_V04	Z:\MediaPipe\Working-dir\Spout-v04	third_party\SpoutSDK\SpoutDX\SpoutDX12\D3D12TriangleSender\Win32Application.cpp	3683	2026-02-17 16:59:54	86DE3D216C42D1E19454E75A96BFE43E41333F020977626607BBC6776A9229D1	Z:\MediaPipe\Working-dir\_drop\spout-v04-snapshots\20260221_132223\files\Z_WORKINGDIR_SPOUT_V04\third_party\SpoutSDK\SpoutDX\SpoutDX12\D3D12TriangleSender\Win32Application.cpp
Z_WORKINGDIR_SPOUT_V04	Z:\MediaPipe\Working-dir\Spout-v04	third_party\SpoutSDK\SpoutDX\SpoutDX12\D3D12TriangleSender\Win32Application.h	816	2026-02-17 16:59:54	40347C1A011A49073BB1C82D290EE44377B858081B966F1302290CE7BCAD6EDA	Z:\MediaPipe\Working-dir\_drop\spout-v04-snapshots\20260221_132223\files\Z_WORKINGDIR_SPOUT_V04\third_party\SpoutSDK\SpoutDX\SpoutDX12\D3D12TriangleSender\Win32Application.h
Z_WORKINGDIR_SPOUT_V04	Z:\MediaPipe\Working-dir\Spout-v04	third_party\SpoutSDK\SpoutDX\SpoutDX9\CMakeLists.txt	3605	2026-02-17 16:59:54	1C468A9C1C0E76E4CD2E42341F777BAD9244EC882086428B7A9D5C5A3B628649	Z:\MediaPipe\Working-dir\_drop\spout-v04-snapshots\20260221_132223\files\Z_WORKINGDIR_SPOUT_V04\third_party\SpoutSDK\SpoutDX\SpoutDX9\CMakeLists.txt
Z_WORKINGDIR_SPOUT_V04	Z:\MediaPipe\Working-dir\Spout-v04	third_party\SpoutSDK\SpoutDX\SpoutDX9\readme.md	1614	2026-02-17 16:59:54	2B2ECD7F77BFBB78BD441C5ECEFB7B8D4BC921C6B6FCB3A546512F56E960C668	Z:\MediaPipe\Working-dir\_drop\spout-v04-snapshots\20260221_132223\files\Z_WORKINGDIR_SPOUT_V04\third_party\SpoutSDK\SpoutDX\SpoutDX9\readme.md
Z_WORKINGDIR_SPOUT_V04	Z:\MediaPipe\Working-dir\Spout-v04	third_party\SpoutSDK\SpoutDX\SpoutDX9\SpoutDX9.cpp	46090	2026-02-17 16:59:54	BBDAA209E49D50F6F7DC806E9670A6466CBF46FCDA4C5A43EAB37D9150643D56	Z:\MediaPipe\Working-dir\_drop\spout-v04-snapshots\20260221_132223\files\Z_WORKINGDIR_SPOUT_V04\third_party\SpoutSDK\SpoutDX\SpoutDX9\SpoutDX9.cpp
Z_WORKINGDIR_SPOUT_V04	Z:\MediaPipe\Working-dir\Spout-v04	third_party\SpoutSDK\SpoutDX\SpoutDX9\SpoutDX9.h	7605	2026-02-17 16:59:54	7D904A4045ECBAB20D9195813C1060F11CAD8569DAA41C386CD20B598A001AF6	Z:\MediaPipe\Working-dir\_drop\spout-v04-snapshots\20260221_132223\files\Z_WORKINGDIR_SPOUT_V04\third_party\SpoutSDK\SpoutDX\SpoutDX9\SpoutDX9.h
Z_WORKINGDIR_SPOUT_V04	Z:\MediaPipe\Working-dir\Spout-v04	third_party\SpoutSDK\SpoutDX\SpoutDX9\D3D9_Vertices_Receiver\resource.h	433	2026-02-17 16:59:54	AB9489443E5A86473E01BD5CD51A00AD4EBFB475FB65D5A42E025AD5E3B4EA16	Z:\MediaPipe\Working-dir\_drop\spout-v04-snapshots\20260221_132223\files\Z_WORKINGDIR_SPOUT_V04\third_party\SpoutSDK\SpoutDX\SpoutDX9\D3D9_Vertices_Receiver\resource.h
Z_WORKINGDIR_SPOUT_V04	Z:\MediaPipe\Working-dir\Spout-v04	third_party\SpoutSDK\SpoutDX\SpoutDX9\D3D9_Vertices_Receiver\Vertices.cpp	13027	2026-02-17 16:59:54	CD19AA193D7A64BAF8955277D67199F7223E6587EEB294B1B68F88A8113179B4	Z:\MediaPipe\Working-dir\_drop\spout-v04-snapshots\20260221_132223\files\Z_WORKINGDIR_SPOUT_V04\third_party\SpoutSDK\SpoutDX\SpoutDX9\D3D9_Vertices_Receiver\Vertices.cpp
Z_WORKINGDIR_SPOUT_V04	Z:\MediaPipe\Working-dir\Spout-v04	third_party\SpoutSDK\SpoutDX\SpoutDX9\D3D9_Vertices_Sender\resource.h	433	2026-02-17 16:59:54	AB9489443E5A86473E01BD5CD51A00AD4EBFB475FB65D5A42E025AD5E3B4EA16	Z:\MediaPipe\Working-dir\_drop\spout-v04-snapshots\20260221_132223\files\Z_WORKINGDIR_SPOUT_V04\third_party\SpoutSDK\SpoutDX\SpoutDX9\D3D9_Vertices_Sender\resource.h
Z_WORKINGDIR_SPOUT_V04	Z:\MediaPipe\Working-dir\Spout-v04	third_party\SpoutSDK\SpoutDX\SpoutDX9\D3D9_Vertices_Sender\Vertices.cpp	12624	2026-02-17 16:59:54	92249527B9F80CA4810B36BF924F412C9494064A9CE5DAA2CAD3D3FF15210ED5	Z:\MediaPipe\Working-dir\_drop\spout-v04-snapshots\20260221_132223\files\Z_WORKINGDIR_SPOUT_V04\third_party\SpoutSDK\SpoutDX\SpoutDX9\D3D9_Vertices_Sender\Vertices.cpp
Z_WORKINGDIR_SPOUT_V04	Z:\MediaPipe\Working-dir\Spout-v04	third_party\SpoutSDK\SpoutDX\Tutorial04\CMakeLists.txt	4277	2026-02-17 16:59:54	74535ECFB74122092F2DEEFC241FFBD66A520A6FDD0A8C3107D4225E33A1AEFD	Z:\MediaPipe\Working-dir\_drop\spout-v04-snapshots\20260221_132223\files\Z_WORKINGDIR_SPOUT_V04\third_party\SpoutSDK\SpoutDX\Tutorial04\CMakeLists.txt
Z_WORKINGDIR_SPOUT_V04	Z:\MediaPipe\Working-dir\Spout-v04	third_party\SpoutSDK\SpoutDX\Tutorial04\CMakeVS2022.bat	94	2026-02-17 16:59:54	C5BCBF1490E51C4B6CCB60CED36CF74F02B1F3E9E5221694B06553262FDF43D9	Z:\MediaPipe\Working-dir\_drop\spout-v04-snapshots\20260221_132223\files\Z_WORKINGDIR_SPOUT_V04\third_party\SpoutSDK\SpoutDX\Tutorial04\CMakeVS2022.bat
Z_WORKINGDIR_SPOUT_V04	Z:\MediaPipe\Working-dir\Spout-v04	third_party\SpoutSDK\SpoutDX\Tutorial04\Resource.h	1026	2026-02-17 16:59:54	B3B8D768B05BAE9B2C248FBD65BB9200B8FDE07BE8405DFE2C0143665FB65FD6	Z:\MediaPipe\Working-dir\_drop\spout-v04-snapshots\20260221_132223\files\Z_WORKINGDIR_SPOUT_V04\third_party\SpoutSDK\SpoutDX\Tutorial04\Resource.h
Z_WORKINGDIR_SPOUT_V04	Z:\MediaPipe\Working-dir\Spout-v04	third_party\SpoutSDK\SpoutDX\Tutorial04\Tutorial04.cpp	34075	2026-02-17 16:59:54	673D99C1DF2FAC92E0BC8F1678E048232092FDD093AC5D8B2C00884CBD3D2DC5	Z:\MediaPipe\Working-dir\_drop\spout-v04-snapshots\20260221_132223\files\Z_WORKINGDIR_SPOUT_V04\third_party\SpoutSDK\SpoutDX\Tutorial04\Tutorial04.cpp
Z_WORKINGDIR_SPOUT_V04	Z:\MediaPipe\Working-dir\Spout-v04	third_party\SpoutSDK\SpoutDX\Tutorial04\Tutorial04.txt	1117	2026-02-17 16:59:54	3693EFC300EB4B0CDF7B553B09543FB4EEFC90A2FD081F16E89D069D2875BD53	Z:\MediaPipe\Working-dir\_drop\spout-v04-snapshots\20260221_132223\files\Z_WORKINGDIR_SPOUT_V04\third_party\SpoutSDK\SpoutDX\Tutorial04\Tutorial04.txt
Z_WORKINGDIR_SPOUT_V04	Z:\MediaPipe\Working-dir\Spout-v04	third_party\SpoutSDK\SpoutDX\Tutorial04\external\DirectXMath\DirectXColors.h	28687	2026-02-17 16:59:54	D333F0A20EF585AE8D8AA594411F3C2B8710C3D7EC278ADB5BC6EC37189CD9FE	Z:\MediaPipe\Working-dir\_drop\spout-v04-snapshots\20260221_132223\files\Z_WORKINGDIR_SPOUT_V04\third_party\SpoutSDK\SpoutDX\Tutorial04\external\DirectXMath\DirectXColors.h
Z_WORKINGDIR_SPOUT_V04	Z:\MediaPipe\Working-dir\Spout-v04	third_party\SpoutSDK\SpoutDX\Tutorial04\external\DirectXMath\DirectXMath.h	129075	2026-02-17 16:59:54	EE801AD3EEB2951BC10E08CDB31B9B931E901282FE7EE7966282EBB34BAB06C1	Z:\MediaPipe\Working-dir\_drop\spout-v04-snapshots\20260221_132223\files\Z_WORKINGDIR_SPOUT_V04\third_party\SpoutSDK\SpoutDX\Tutorial04\external\DirectXMath\DirectXMath.h
Z_WORKINGDIR_SPOUT_V04	Z:\MediaPipe\Working-dir\Spout-v04	third_party\SpoutSDK\SpoutDX\Tutorial04\external\DirectXMath\DirectXMathConvert.inl	81988	2026-02-17 16:59:54	BBD31A079F724E146257CFC4D2D65AA15EC945F74DC99B762C8FB9C223809ACB	Z:\MediaPipe\Working-dir\_drop\spout-v04-snapshots\20260221_132223\files\Z_WORKINGDIR_SPOUT_V04\third_party\SpoutSDK\SpoutDX\Tutorial04\external\DirectXMath\DirectXMathConvert.inl
Z_WORKINGDIR_SPOUT_V04	Z:\MediaPipe\Working-dir\Spout-v04	third_party\SpoutSDK\SpoutDX\Tutorial04\external\DirectXMath\DirectXMathMatrix.inl	122199	2026-02-17 16:59:54	7548A54C3485E2F8B3807BC73589F8217B040B295FBBC51372394A350E77845D	Z:\MediaPipe\Working-dir\_drop\spout-v04-snapshots\20260221_132223\files\Z_WORKINGDIR_SPOUT_V04\third_party\SpoutSDK\SpoutDX\Tutorial04\external\DirectXMath\DirectXMathMatrix.inl
Z_WORKINGDIR_SPOUT_V04	Z:\MediaPipe\Working-dir\Spout-v04	third_party\SpoutSDK\SpoutDX\Tutorial04\external\DirectXMath\DirectXMathMisc.inl	82311	2026-02-17 16:59:54	A7B4A39D6CC6E0AE1676C6B00E0CF4E30D530F21A4CBAF0E3F5E35E17D307E99	Z:\MediaPipe\Working-dir\_drop\spout-v04-snapshots\20260221_132223\files\Z_WORKINGDIR_SPOUT_V04\third_party\SpoutSDK\SpoutDX\Tutorial04\external\DirectXMath\DirectXMathMisc.inl
Z_WORKINGDIR_SPOUT_V04	Z:\MediaPipe\Working-dir\Spout-v04	third_party\SpoutSDK\SpoutDX\Tutorial04\external\DirectXMath\DirectXMathVector.inl	549835	2026-02-17 16:59:54	66E3616D658ADA33498CB67D7C63716497B33EEB2B020756604BCB798852B243	Z:\MediaPipe\Working-dir\_drop\spout-v04-snapshots\20260221_132223\files\Z_WORKINGDIR_SPOUT_V04\third_party\SpoutSDK\SpoutDX\Tutorial04\external\DirectXMath\DirectXMathVector.inl
Z_WORKINGDIR_SPOUT_V04	Z:\MediaPipe\Working-dir\Spout-v04	third_party\SpoutSDK\SpoutDX\Tutorial04_Lib\readme.md	1845	2026-02-17 16:59:55	C991E3AD4F7092107DFED58826FD4BE34449DBF144533806C2D680010583FA1A	Z:\MediaPipe\Working-dir\_drop\spout-v04-snapshots\20260221_132223\files\Z_WORKINGDIR_SPOUT_V04\third_party\SpoutSDK\SpoutDX\Tutorial04_Lib\readme.md
Z_WORKINGDIR_SPOUT_V04	Z:\MediaPipe\Working-dir\Spout-v04	third_party\SpoutSDK\SpoutDX\Tutorial04_Lib\resource.h	1026	2026-02-17 16:59:55	B3B8D768B05BAE9B2C248FBD65BB9200B8FDE07BE8405DFE2C0143665FB65FD6	Z:\MediaPipe\Working-dir\_drop\spout-v04-snapshots\20260221_132223\files\Z_WORKINGDIR_SPOUT_V04\third_party\SpoutSDK\SpoutDX\Tutorial04_Lib\resource.h
Z_WORKINGDIR_SPOUT_V04	Z:\MediaPipe\Working-dir\Spout-v04	third_party\SpoutSDK\SpoutDX\Tutorial04_Lib\Tutorial04.cpp	35763	2026-02-17 16:59:54	0AB46DA9634899BF85B685BF14D746C6CCD3AB6CD866D5F4F2E48D479C0BF25B	Z:\MediaPipe\Working-dir\_drop\spout-v04-snapshots\20260221_132223\files\Z_WORKINGDIR_SPOUT_V04\third_party\SpoutSDK\SpoutDX\Tutorial04_Lib\Tutorial04.cpp
Z_WORKINGDIR_SPOUT_V04	Z:\MediaPipe\Working-dir\Spout-v04	third_party\SpoutSDK\SpoutDX\Tutorial04_Lib\include\SpoutCommon.h	3422	2026-02-17 16:59:54	9DBE0846831F9B396578B1B3288B684F7653C7F35718F429499097A9BF9BF063	Z:\MediaPipe\Working-dir\_drop\spout-v04-snapshots\20260221_132223\files\Z_WORKINGDIR_SPOUT_V04\third_party\SpoutSDK\SpoutDX\Tutorial04_Lib\include\SpoutCommon.h
Z_WORKINGDIR_SPOUT_V04	Z:\MediaPipe\Working-dir\Spout-v04	third_party\SpoutSDK\SpoutDX\Tutorial04_Lib\include\SpoutCopy.h	9704	2026-02-17 16:59:54	0CA6E26CB5C3E280CA85854B36187DFC996437F11702410F4E028CBC7E4B6503	Z:\MediaPipe\Working-dir\_drop\spout-v04-snapshots\20260221_132223\files\Z_WORKINGDIR_SPOUT_V04\third_party\SpoutSDK\SpoutDX\Tutorial04_Lib\include\SpoutCopy.h
Z_WORKINGDIR_SPOUT_V04	Z:\MediaPipe\Working-dir\Spout-v04	third_party\SpoutSDK\SpoutDX\Tutorial04_Lib\include\SpoutDirectX.h	7445	2026-02-17 16:59:54	809F678D270B4A22EA1854A2A83DAF4C534535F20A18B2EAB8FA5038086BC397	Z:\MediaPipe\Working-dir\_drop\spout-v04-snapshots\20260221_132223\files\Z_WORKINGDIR_SPOUT_V04\third_party\SpoutSDK\SpoutDX\Tutorial04_Lib\include\SpoutDirectX.h
Z_WORKINGDIR_SPOUT_V04	Z:\MediaPipe\Working-dir\Spout-v04	third_party\SpoutSDK\SpoutDX\Tutorial04_Lib\include\SpoutDX.h	12426	2026-02-17 16:59:54	B181BE79F2CC3D1830A6C4CF38D8B63DDA25FDC4F3558D606B2D1D23B3816446	Z:\MediaPipe\Working-dir\_drop\spout-v04-snapshots\20260221_132223\files\Z_WORKINGDIR_SPOUT_V04\third_party\SpoutSDK\SpoutDX\Tutorial04_Lib\include\SpoutDX.h
Z_WORKINGDIR_SPOUT_V04	Z:\MediaPipe\Working-dir\Spout-v04	third_party\SpoutSDK\SpoutDX\Tutorial04_Lib\include\SpoutFrameCount.h	5943	2026-02-17 16:59:54	5E09D1AA49005F3CFB8DD1ED5328B78D0223D08630C06EEE66213CBCDAF3B4F9	Z:\MediaPipe\Working-dir\_drop\spout-v04-snapshots\20260221_132223\files\Z_WORKINGDIR_SPOUT_V04\third_party\SpoutSDK\SpoutDX\Tutorial04_Lib\include\SpoutFrameCount.h
Z_WORKINGDIR_SPOUT_V04	Z:\MediaPipe\Working-dir\Spout-v04	third_party\SpoutSDK\SpoutDX\Tutorial04_Lib\include\SpoutSenderNames.h	8545	2026-02-17 16:59:54	D9CE7069C9403378EAC4CB4D3082CE2657504269CD92BB4B8BB3461BE2EC4E83	Z:\MediaPipe\Working-dir\_drop\spout-v04-snapshots\20260221_132223\files\Z_WORKINGDIR_SPOUT_V04\third_party\SpoutSDK\SpoutDX\Tutorial04_Lib\include\SpoutSenderNames.h
Z_WORKINGDIR_SPOUT_V04	Z:\MediaPipe\Working-dir\Spout-v04	third_party\SpoutSDK\SpoutDX\Tutorial04_Lib\include\SpoutSharedMemory.h	2772	2026-02-17 16:59:54	5567DA567945D0FEED074C73FFCF76C5917C10506F86D167FC765DA5AA62271D	Z:\MediaPipe\Working-dir\_drop\spout-v04-snapshots\20260221_132223\files\Z_WORKINGDIR_SPOUT_V04\third_party\SpoutSDK\SpoutDX\Tutorial04_Lib\include\SpoutSharedMemory.h
Z_WORKINGDIR_SPOUT_V04	Z:\MediaPipe\Working-dir\Spout-v04	third_party\SpoutSDK\SpoutDX\Tutorial04_Lib\include\SpoutUtils.h	15025	2026-02-17 16:59:54	22346227A4815855ADA400B4980DD9A50A026DBF6D398FEFBEF4D34C0F4349EB	Z:\MediaPipe\Working-dir\_drop\spout-v04-snapshots\20260221_132223\files\Z_WORKINGDIR_SPOUT_V04\third_party\SpoutSDK\SpoutDX\Tutorial04_Lib\include\SpoutUtils.h
Z_WORKINGDIR_SPOUT_V04	Z:\MediaPipe\Working-dir\Spout-v04	third_party\SpoutSDK\SpoutDX\Tutorial07\CMakeLists.txt	4433	2026-02-17 16:59:55	4172CC469C7D4B69D29254AA298DF8673D2C21DD9AD409A80B7B4439425017E6	Z:\MediaPipe\Working-dir\_drop\spout-v04-snapshots\20260221_132223\files\Z_WORKINGDIR_SPOUT_V04\third_party\SpoutSDK\SpoutDX\Tutorial07\CMakeLists.txt
Z_WORKINGDIR_SPOUT_V04	Z:\MediaPipe\Working-dir\Spout-v04	third_party\SpoutSDK\SpoutDX\Tutorial07\DDSTextureLoader.cpp	62903	2026-02-17 16:59:55	EF567F5880A516C31E4F39439D13DF966D9406147CEBF3F2E5611B5BB3AACC68	Z:\MediaPipe\Working-dir\_drop\spout-v04-snapshots\20260221_132223\files\Z_WORKINGDIR_SPOUT_V04\third_party\SpoutSDK\SpoutDX\Tutorial07\DDSTextureLoader.cpp
Z_WORKINGDIR_SPOUT_V04	Z:\MediaPipe\Working-dir\Spout-v04	third_party\SpoutSDK\SpoutDX\Tutorial07\DDSTextureLoader.h	4994	2026-02-17 16:59:55	63DCD75D694D522DA81D3AD9512A70728CCD6F794CE88F32AB851562019ACB71	Z:\MediaPipe\Working-dir\_drop\spout-v04-snapshots\20260221_132223\files\Z_WORKINGDIR_SPOUT_V04\third_party\SpoutSDK\SpoutDX\Tutorial07\DDSTextureLoader.h
Z_WORKINGDIR_SPOUT_V04	Z:\MediaPipe\Working-dir\Spout-v04	third_party\SpoutSDK\SpoutDX\Tutorial07\Resource.h	1104	2026-02-17 16:59:55	61AE1E9BFB1280CA0A8FFEA73CAA2DC67C0A976D82D630365FA983C2A8E27386	Z:\MediaPipe\Working-dir\_drop\spout-v04-snapshots\20260221_132223\files\Z_WORKINGDIR_SPOUT_V04\third_party\SpoutSDK\SpoutDX\Tutorial07\Resource.h
Z_WORKINGDIR_SPOUT_V04	Z:\MediaPipe\Working-dir\Spout-v04	third_party\SpoutSDK\SpoutDX\Tutorial07\Tutorial07.cpp	44561	2026-02-17 16:59:55	8F6979D2CBA067900E496C206BD9D927B19D7633AFA6D031C23DED6CC071D59B	Z:\MediaPipe\Working-dir\_drop\spout-v04-snapshots\20260221_132223\files\Z_WORKINGDIR_SPOUT_V04\third_party\SpoutSDK\SpoutDX\Tutorial07\Tutorial07.cpp
Z_WORKINGDIR_SPOUT_V04	Z:\MediaPipe\Working-dir\Spout-v04	third_party\SpoutSDK\SpoutDX\Tutorial07\external\DirectXMath\DirectXColors.h	28687	2026-02-17 16:59:55	D333F0A20EF585AE8D8AA594411F3C2B8710C3D7EC278ADB5BC6EC37189CD9FE	Z:\MediaPipe\Working-dir\_drop\spout-v04-snapshots\20260221_132223\files\Z_WORKINGDIR_SPOUT_V04\third_party\SpoutSDK\SpoutDX\Tutorial07\external\DirectXMath\DirectXColors.h
Z_WORKINGDIR_SPOUT_V04	Z:\MediaPipe\Working-dir\Spout-v04	third_party\SpoutSDK\SpoutDX\Tutorial07\external\DirectXMath\DirectXMath.h	129075	2026-02-17 16:59:55	EE801AD3EEB2951BC10E08CDB31B9B931E901282FE7EE7966282EBB34BAB06C1	Z:\MediaPipe\Working-dir\_drop\spout-v04-snapshots\20260221_132223\files\Z_WORKINGDIR_SPOUT_V04\third_party\SpoutSDK\SpoutDX\Tutorial07\external\DirectXMath\DirectXMath.h
Z_WORKINGDIR_SPOUT_V04	Z:\MediaPipe\Working-dir\Spout-v04	third_party\SpoutSDK\SpoutDX\Tutorial07\external\DirectXMath\DirectXMathConvert.inl	81988	2026-02-17 16:59:55	BBD31A079F724E146257CFC4D2D65AA15EC945F74DC99B762C8FB9C223809ACB	Z:\MediaPipe\Working-dir\_drop\spout-v04-snapshots\20260221_132223\files\Z_WORKINGDIR_SPOUT_V04\third_party\SpoutSDK\SpoutDX\Tutorial07\external\DirectXMath\DirectXMathConvert.inl
Z_WORKINGDIR_SPOUT_V04	Z:\MediaPipe\Working-dir\Spout-v04	third_party\SpoutSDK\SpoutDX\Tutorial07\external\DirectXMath\DirectXMathMatrix.inl	122199	2026-02-17 16:59:55	7548A54C3485E2F8B3807BC73589F8217B040B295FBBC51372394A350E77845D	Z:\MediaPipe\Working-dir\_drop\spout-v04-snapshots\20260221_132223\files\Z_WORKINGDIR_SPOUT_V04\third_party\SpoutSDK\SpoutDX\Tutorial07\external\DirectXMath\DirectXMathMatrix.inl
Z_WORKINGDIR_SPOUT_V04	Z:\MediaPipe\Working-dir\Spout-v04	third_party\SpoutSDK\SpoutDX\Tutorial07\external\DirectXMath\DirectXMathMisc.inl	82311	2026-02-17 16:59:55	A7B4A39D6CC6E0AE1676C6B00E0CF4E30D530F21A4CBAF0E3F5E35E17D307E99	Z:\MediaPipe\Working-dir\_drop\spout-v04-snapshots\20260221_132223\files\Z_WORKINGDIR_SPOUT_V04\third_party\SpoutSDK\SpoutDX\Tutorial07\external\DirectXMath\DirectXMathMisc.inl
Z_WORKINGDIR_SPOUT_V04	Z:\MediaPipe\Working-dir\Spout-v04	third_party\SpoutSDK\SpoutDX\Tutorial07\external\DirectXMath\DirectXMathVector.inl	549835	2026-02-17 16:59:55	66E3616D658ADA33498CB67D7C63716497B33EEB2B020756604BCB798852B243	Z:\MediaPipe\Working-dir\_drop\spout-v04-snapshots\20260221_132223\files\Z_WORKINGDIR_SPOUT_V04\third_party\SpoutSDK\SpoutDX\Tutorial07\external\DirectXMath\DirectXMathVector.inl
Z_WORKINGDIR_SPOUT_V04	Z:\MediaPipe\Working-dir\Spout-v04	third_party\SpoutSDK\SpoutDX\Windows\Bridge\BridgeMain.cpp	2289	2026-02-18 02:32:00	367ECD01FDE931AA027E4CD88A0C680E6EBC9D531A225BB99EFFC6D3C9E0E21F	Z:\MediaPipe\Working-dir\_drop\spout-v04-snapshots\20260221_132223\files\Z_WORKINGDIR_SPOUT_V04\third_party\SpoutSDK\SpoutDX\Windows\Bridge\BridgeMain.cpp
Z_WORKINGDIR_SPOUT_V04	Z:\MediaPipe\Working-dir\Spout-v04	third_party\SpoutSDK\SpoutDX\Windows\Bridge\WinSpoutDXbridge\x64\Release\WinSpoutDXbridge.Build.CppClean.log	2252	2026-02-18 02:29:52	03AC83ECF2F0FB016EBE67B371181783F5B8105EF5B66AE592240C48F9B19BBC	Z:\MediaPipe\Working-dir\_drop\spout-v04-snapshots\20260221_132223\files\Z_WORKINGDIR_SPOUT_V04\third_party\SpoutSDK\SpoutDX\Windows\Bridge\WinSpoutDXbridge\x64\Release\WinSpoutDXbridge.Build.CppClean.log
Z_WORKINGDIR_SPOUT_V04	Z:\MediaPipe\Working-dir\Spout-v04	third_party\SpoutSDK\SpoutDX\Windows\Bridge\WinSpoutDXbridge\x64\Release\WinSpoutDXbridge.vcxproj.FileListAbsolute.txt	0	2026-02-18 02:29:52	E3B0C44298FC1C149AFBF4C8996FB92427AE41E4649B934CA495991B7852B855	Z:\MediaPipe\Working-dir\_drop\spout-v04-snapshots\20260221_132223\files\Z_WORKINGDIR_SPOUT_V04\third_party\SpoutSDK\SpoutDX\Windows\Bridge\WinSpoutDXbridge\x64\Release\WinSpoutDXbridge.vcxproj.FileListAbsolute.txt
Z_WORKINGDIR_SPOUT_V04	Z:\MediaPipe\Working-dir\Spout-v04	third_party\SpoutSDK\SpoutDX\Windows\Receiver\framework.h	395	2026-02-17 16:59:55	4AFDDED82FBF3D4822D743EA3C3167E11C9FB84591759B871761F4A27E761D77	Z:\MediaPipe\Working-dir\_drop\spout-v04-snapshots\20260221_132223\files\Z_WORKINGDIR_SPOUT_V04\third_party\SpoutSDK\SpoutDX\Windows\Receiver\framework.h
Z_WORKINGDIR_SPOUT_V04	Z:\MediaPipe\Working-dir\Spout-v04	third_party\SpoutSDK\SpoutDX\Windows\Receiver\Resource.h	888	2026-02-17 16:59:55	1BD19CBCC9EBB7F699055B718E6C27FBAD9F45307246D7CAB240A00438F5C3C2	Z:\MediaPipe\Working-dir\_drop\spout-v04-snapshots\20260221_132223\files\Z_WORKINGDIR_SPOUT_V04\third_party\SpoutSDK\SpoutDX\Windows\Receiver\Resource.h
Z_WORKINGDIR_SPOUT_V04	Z:\MediaPipe\Working-dir\Spout-v04	third_party\SpoutSDK\SpoutDX\Windows\Receiver\targetver.h	313	2026-02-17 16:59:55	78AA78692F92173C0FA10B02A233036E62A90414832C5470137C3E92FAAA00D7	Z:\MediaPipe\Working-dir\_drop\spout-v04-snapshots\20260221_132223\files\Z_WORKINGDIR_SPOUT_V04\third_party\SpoutSDK\SpoutDX\Windows\Receiver\targetver.h
Z_WORKINGDIR_SPOUT_V04	Z:\MediaPipe\Working-dir\Spout-v04	third_party\SpoutSDK\SpoutDX\Windows\Receiver\WinSpoutDX.cpp	13528	2026-02-17 16:59:55	2EFAB85E59B3F0D7A6DF9D0F7070477F36B44E5E2807BE36D7AE0186DA3086AB	Z:\MediaPipe\Working-dir\_drop\spout-v04-snapshots\20260221_132223\files\Z_WORKINGDIR_SPOUT_V04\third_party\SpoutSDK\SpoutDX\Windows\Receiver\WinSpoutDX.cpp
Z_WORKINGDIR_SPOUT_V04	Z:\MediaPipe\Working-dir\Spout-v04	third_party\SpoutSDK\SpoutDX\Windows\Receiver\WinSpoutDX.h	102	2026-02-17 16:59:55	67574CAB2189C1E06B4472ED98FEFA34BFA8FD36B3E2BEF4FA740CE7BCE85ABE	Z:\MediaPipe\Working-dir\_drop\spout-v04-snapshots\20260221_132223\files\Z_WORKINGDIR_SPOUT_V04\third_party\SpoutSDK\SpoutDX\Windows\Receiver\WinSpoutDX.h
Z_WORKINGDIR_SPOUT_V04	Z:\MediaPipe\Working-dir\Spout-v04	third_party\SpoutSDK\SpoutDX\Windows\Sender\framework.h	395	2026-02-17 16:59:55	4AFDDED82FBF3D4822D743EA3C3167E11C9FB84591759B871761F4A27E761D77	Z:\MediaPipe\Working-dir\_drop\spout-v04-snapshots\20260221_132223\files\Z_WORKINGDIR_SPOUT_V04\third_party\SpoutSDK\SpoutDX\Windows\Sender\framework.h
Z_WORKINGDIR_SPOUT_V04	Z:\MediaPipe\Working-dir\Spout-v04	third_party\SpoutSDK\SpoutDX\Windows\Sender\Resource.h	729	2026-02-17 16:59:55	3DF77201EE1D9CDF570A1E34CC6E2412F25AA9118920F7F403DA2E326C32A1EE	Z:\MediaPipe\Working-dir\_drop\spout-v04-snapshots\20260221_132223\files\Z_WORKINGDIR_SPOUT_V04\third_party\SpoutSDK\SpoutDX\Windows\Sender\Resource.h
Z_WORKINGDIR_SPOUT_V04	Z:\MediaPipe\Working-dir\Spout-v04	third_party\SpoutSDK\SpoutDX\Windows\Sender\targetver.h	313	2026-02-17 16:59:55	78AA78692F92173C0FA10B02A233036E62A90414832C5470137C3E92FAAA00D7	Z:\MediaPipe\Working-dir\_drop\spout-v04-snapshots\20260221_132223\files\Z_WORKINGDIR_SPOUT_V04\third_party\SpoutSDK\SpoutDX\Windows\Sender\targetver.h
Z_WORKINGDIR_SPOUT_V04	Z:\MediaPipe\Working-dir\Spout-v04	third_party\SpoutSDK\SpoutDX\Windows\Sender\WinSpoutDX.cpp	12980	2026-02-17 16:59:55	560AF39249489F1C45656A900931F68B9725DC21E46B86175ECDFEAFAA29A2EA	Z:\MediaPipe\Working-dir\_drop\spout-v04-snapshots\20260221_132223\files\Z_WORKINGDIR_SPOUT_V04\third_party\SpoutSDK\SpoutDX\Windows\Sender\WinSpoutDX.cpp
Z_WORKINGDIR_SPOUT_V04	Z:\MediaPipe\Working-dir\Spout-v04	third_party\SpoutSDK\SpoutDX\Windows\Sender\WinSpoutDX.h	102	2026-02-17 16:59:55	67574CAB2189C1E06B4472ED98FEFA34BFA8FD36B3E2BEF4FA740CE7BCE85ABE	Z:\MediaPipe\Working-dir\_drop\spout-v04-snapshots\20260221_132223\files\Z_WORKINGDIR_SPOUT_V04\third_party\SpoutSDK\SpoutDX\Windows\Sender\WinSpoutDX.h
Z_WORKINGDIR_SPOUT_V04	Z:\MediaPipe\Working-dir\Spout-v04	third_party\SpoutSDK\SpoutGL\CMakeLists.txt	5510	2026-02-17 16:59:55	E8282B74B343483646FF68A445588973E4019336C87F9E5CDD013D0ACBA092FA	Z:\MediaPipe\Working-dir\_drop\spout-v04-snapshots\20260221_132223\files\Z_WORKINGDIR_SPOUT_V04\third_party\SpoutSDK\SpoutGL\CMakeLists.txt
Z_WORKINGDIR_SPOUT_V04	Z:\MediaPipe\Working-dir\Spout-v04	third_party\SpoutSDK\SpoutGL\readme.md	697	2026-02-17 16:59:55	FC33C28DA10968B45199BD53D3776356F59A6A06E5E4D115965F565913107219	Z:\MediaPipe\Working-dir\_drop\spout-v04-snapshots\20260221_132223\files\Z_WORKINGDIR_SPOUT_V04\third_party\SpoutSDK\SpoutGL\readme.md
Z_WORKINGDIR_SPOUT_V04	Z:\MediaPipe\Working-dir\Spout-v04	third_party\SpoutSDK\SpoutGL\Spout.cpp	106246	2026-02-17 16:59:55	310A4944DB4FA875113DF842A5F08D7A8569A446CE71A0E5156795B561E4EA4F	Z:\MediaPipe\Working-dir\_drop\spout-v04-snapshots\20260221_132223\files\Z_WORKINGDIR_SPOUT_V04\third_party\SpoutSDK\SpoutGL\Spout.cpp
Z_WORKINGDIR_SPOUT_V04	Z:\MediaPipe\Working-dir\Spout-v04	third_party\SpoutSDK\SpoutGL\Spout.h	11467	2026-02-17 16:59:55	D1DE5FDB48869AB41EB2E7A066130229DEC0F3DE5C6B2F80102B1EFB08A5C39A	Z:\MediaPipe\Working-dir\_drop\spout-v04-snapshots\20260221_132223\files\Z_WORKINGDIR_SPOUT_V04\third_party\SpoutSDK\SpoutGL\Spout.h
Z_WORKINGDIR_SPOUT_V04	Z:\MediaPipe\Working-dir\Spout-v04	third_party\SpoutSDK\SpoutGL\SpoutCommon.h	3451	2026-02-17 16:59:55	19CE2035C417D114BA0D8E900CB4F6707BF88FC0F6B78A75876BDCF8C534AE99	Z:\MediaPipe\Working-dir\_drop\spout-v04-snapshots\20260221_132223\files\Z_WORKINGDIR_SPOUT_V04\third_party\SpoutSDK\SpoutGL\SpoutCommon.h
Z_WORKINGDIR_SPOUT_V04	Z:\MediaPipe\Working-dir\Spout-v04	third_party\SpoutSDK\SpoutGL\SpoutCopy.cpp	64428	2026-02-17 16:59:55	C7D559F4ED0527EF2D39B6828C0760F630D2592300C1C801CFE584C4200CF8E5	Z:\MediaPipe\Working-dir\_drop\spout-v04-snapshots\20260221_132223\files\Z_WORKINGDIR_SPOUT_V04\third_party\SpoutSDK\SpoutGL\SpoutCopy.cpp
Z_WORKINGDIR_SPOUT_V04	Z:\MediaPipe\Working-dir\Spout-v04	third_party\SpoutSDK\SpoutGL\SpoutCopy.h	9704	2026-02-17 16:59:55	0CA6E26CB5C3E280CA85854B36187DFC996437F11702410F4E028CBC7E4B6503	Z:\MediaPipe\Working-dir\_drop\spout-v04-snapshots\20260221_132223\files\Z_WORKINGDIR_SPOUT_V04\third_party\SpoutSDK\SpoutGL\SpoutCopy.h
Z_WORKINGDIR_SPOUT_V04	Z:\MediaPipe\Working-dir\Spout-v04	third_party\SpoutSDK\SpoutGL\SpoutDirectX.cpp	70717	2026-02-17 16:59:55	314A65B5070488731DADF6AB374753D445F3E7FA8392BCD872C4820F86ABEB3D	Z:\MediaPipe\Working-dir\_drop\spout-v04-snapshots\20260221_132223\files\Z_WORKINGDIR_SPOUT_V04\third_party\SpoutSDK\SpoutGL\SpoutDirectX.cpp
Z_WORKINGDIR_SPOUT_V04	Z:\MediaPipe\Working-dir\Spout-v04	third_party\SpoutSDK\SpoutGL\SpoutDirectX.h	7445	2026-02-17 16:59:55	809F678D270B4A22EA1854A2A83DAF4C534535F20A18B2EAB8FA5038086BC397	Z:\MediaPipe\Working-dir\_drop\spout-v04-snapshots\20260221_132223\files\Z_WORKINGDIR_SPOUT_V04\third_party\SpoutSDK\SpoutGL\SpoutDirectX.h
Z_WORKINGDIR_SPOUT_V04	Z:\MediaPipe\Working-dir\Spout-v04	third_party\SpoutSDK\SpoutGL\SpoutFrameCount.cpp	43390	2026-02-17 16:59:55	4EBA0851B2B6294379079689376C2F1E0C77490EC9B3FF2E76162E5323ACE06D	Z:\MediaPipe\Working-dir\_drop\spout-v04-snapshots\20260221_132223\files\Z_WORKINGDIR_SPOUT_V04\third_party\SpoutSDK\SpoutGL\SpoutFrameCount.cpp
Z_WORKINGDIR_SPOUT_V04	Z:\MediaPipe\Working-dir\Spout-v04	third_party\SpoutSDK\SpoutGL\SpoutFrameCount.h	5943	2026-02-17 16:59:55	5E09D1AA49005F3CFB8DD1ED5328B78D0223D08630C06EEE66213CBCDAF3B4F9	Z:\MediaPipe\Working-dir\_drop\spout-v04-snapshots\20260221_132223\files\Z_WORKINGDIR_SPOUT_V04\third_party\SpoutSDK\SpoutGL\SpoutFrameCount.h
Z_WORKINGDIR_SPOUT_V04	Z:\MediaPipe\Working-dir\Spout-v04	third_party\SpoutSDK\SpoutGL\SpoutGL.cpp	147497	2026-02-17 16:59:55	24BE069C4649155CD451AF9870C56D5C49ED73825295DBF1DBD7AEE8F72B1AC6	Z:\MediaPipe\Working-dir\_drop\spout-v04-snapshots\20260221_132223\files\Z_WORKINGDIR_SPOUT_V04\third_party\SpoutSDK\SpoutGL\SpoutGL.cpp
Z_WORKINGDIR_SPOUT_V04	Z:\MediaPipe\Working-dir\Spout-v04	third_party\SpoutSDK\SpoutGL\SpoutGL.h	16712	2026-02-17 16:59:55	F034328DD772CC265788637F9805C1FC404A1DA98D5124A6CB6DF68D819CFD2A	Z:\MediaPipe\Working-dir\_drop\spout-v04-snapshots\20260221_132223\files\Z_WORKINGDIR_SPOUT_V04\third_party\SpoutSDK\SpoutGL\SpoutGL.h
Z_WORKINGDIR_SPOUT_V04	Z:\MediaPipe\Working-dir\Spout-v04	third_party\SpoutSDK\SpoutGL\SpoutGLextensions.cpp	32907	2026-02-17 16:59:55	CC9D2C8E2E9998B52CF5A6128C96F0F4835CF441FE92AC462953D77FF7528A8C	Z:\MediaPipe\Working-dir\_drop\spout-v04-snapshots\20260221_132223\files\Z_WORKINGDIR_SPOUT_V04\third_party\SpoutSDK\SpoutGL\SpoutGLextensions.cpp
Z_WORKINGDIR_SPOUT_V04	Z:\MediaPipe\Working-dir\Spout-v04	third_party\SpoutSDK\SpoutGL\SpoutGLextensions.h	37422	2026-02-17 16:59:55	ED2E18E9C29418B633062213250EB10B05A56166CFAA015B83F003578A644D1E	Z:\MediaPipe\Working-dir\_drop\spout-v04-snapshots\20260221_132223\files\Z_WORKINGDIR_SPOUT_V04\third_party\SpoutSDK\SpoutGL\SpoutGLextensions.h
Z_WORKINGDIR_SPOUT_V04	Z:\MediaPipe\Working-dir\Spout-v04	third_party\SpoutSDK\SpoutGL\SpoutReceiver.cpp	23088	2026-02-17 16:59:55	EBD33AF38C69B81ECAB5A98FC284AE7833A6C97B3FE51BC1EA8431F53058C02E	Z:\MediaPipe\Working-dir\_drop\spout-v04-snapshots\20260221_132223\files\Z_WORKINGDIR_SPOUT_V04\third_party\SpoutSDK\SpoutGL\SpoutReceiver.cpp
Z_WORKINGDIR_SPOUT_V04	Z:\MediaPipe\Working-dir\Spout-v04	third_party\SpoutSDK\SpoutGL\SpoutReceiver.h	11794	2026-02-17 16:59:55	87311011FE3078ABF3308B23E054C076B0A310F1F1EB1D66FFBBB1DC7D74D4BB	Z:\MediaPipe\Working-dir\_drop\spout-v04-snapshots\20260221_132223\files\Z_WORKINGDIR_SPOUT_V04\third_party\SpoutSDK\SpoutGL\SpoutReceiver.h
Z_WORKINGDIR_SPOUT_V04	Z:\MediaPipe\Working-dir\Spout-v04	third_party\SpoutSDK\SpoutGL\SpoutSender.cpp	21188	2026-02-17 16:59:55	173F7EEBA8F36D2711D51950CAF42308842CD5E5DBF4CD63012616D211CD0D5C	Z:\MediaPipe\Working-dir\_drop\spout-v04-snapshots\20260221_132223\files\Z_WORKINGDIR_SPOUT_V04\third_party\SpoutSDK\SpoutGL\SpoutSender.cpp
Z_WORKINGDIR_SPOUT_V04	Z:\MediaPipe\Working-dir\Spout-v04	third_party\SpoutSDK\SpoutGL\SpoutSender.h	10267	2026-02-17 16:59:55	34C561085FD0123DBAE821ADE704B9FA8CDC12032166A4B7C25820F6A5A9D159	Z:\MediaPipe\Working-dir\_drop\spout-v04-snapshots\20260221_132223\files\Z_WORKINGDIR_SPOUT_V04\third_party\SpoutSDK\SpoutGL\SpoutSender.h
Z_WORKINGDIR_SPOUT_V04	Z:\MediaPipe\Working-dir\Spout-v04	third_party\SpoutSDK\SpoutGL\SpoutSenderNames.cpp	42942	2026-02-17 16:59:55	97965A1512CDF527086838E89B741158CD3FE9EA215EB322F4CBC94D74F42D04	Z:\MediaPipe\Working-dir\_drop\spout-v04-snapshots\20260221_132223\files\Z_WORKINGDIR_SPOUT_V04\third_party\SpoutSDK\SpoutGL\SpoutSenderNames.cpp
Z_WORKINGDIR_SPOUT_V04	Z:\MediaPipe\Working-dir\Spout-v04	third_party\SpoutSDK\SpoutGL\SpoutSenderNames.h	8545	2026-02-17 16:59:55	D9CE7069C9403378EAC4CB4D3082CE2657504269CD92BB4B8BB3461BE2EC4E83	Z:\MediaPipe\Working-dir\_drop\spout-v04-snapshots\20260221_132223\files\Z_WORKINGDIR_SPOUT_V04\third_party\SpoutSDK\SpoutGL\SpoutSenderNames.h
Z_WORKINGDIR_SPOUT_V04	Z:\MediaPipe\Working-dir\Spout-v04	third_party\SpoutSDK\SpoutGL\SpoutSharedMemory.cpp	8961	2026-02-17 16:59:55	DB606F85B648DAAB438637520C6F2F99B92C26AAECE3E9938629502DBA544A17	Z:\MediaPipe\Working-dir\_drop\spout-v04-snapshots\20260221_132223\files\Z_WORKINGDIR_SPOUT_V04\third_party\SpoutSDK\SpoutGL\SpoutSharedMemory.cpp
Z_WORKINGDIR_SPOUT_V04	Z:\MediaPipe\Working-dir\Spout-v04	third_party\SpoutSDK\SpoutGL\SpoutSharedMemory.h	2772	2026-02-17 16:59:55	5567DA567945D0FEED074C73FFCF76C5917C10506F86D167FC765DA5AA62271D	Z:\MediaPipe\Working-dir\_drop\spout-v04-snapshots\20260221_132223\files\Z_WORKINGDIR_SPOUT_V04\third_party\SpoutSDK\SpoutGL\SpoutSharedMemory.h
Z_WORKINGDIR_SPOUT_V04	Z:\MediaPipe\Working-dir\Spout-v04	third_party\SpoutSDK\SpoutGL\SpoutUtils.cpp	82200	2026-02-17 16:59:55	05BD391BC8907CBB4AD2C7EFC5C65CB5B826DEF4AA0A56E606740D982B52C1B1	Z:\MediaPipe\Working-dir\_drop\spout-v04-snapshots\20260221_132223\files\Z_WORKINGDIR_SPOUT_V04\third_party\SpoutSDK\SpoutGL\SpoutUtils.cpp
Z_WORKINGDIR_SPOUT_V04	Z:\MediaPipe\Working-dir\Spout-v04	third_party\SpoutSDK\SpoutGL\SpoutUtils.h	15025	2026-02-17 16:59:55	22346227A4815855ADA400B4980DD9A50A026DBF6D398FEFBEF4D34C0F4349EB	Z:\MediaPipe\Working-dir\_drop\spout-v04-snapshots\20260221_132223\files\Z_WORKINGDIR_SPOUT_V04\third_party\SpoutSDK\SpoutGL\SpoutUtils.h
Z_DROP_SPOUT_V04_REAL	Z:\MediaPipe\Working-dir\_drop\Spout-v04-real	build-run-v04-real.ps1	2561	2026-02-20 22:49:48	8556982784F8CEA311F3B355354F39AC3DFBFA781B6331083A5AACD4B4742F35	Z:\MediaPipe\Working-dir\_drop\spout-v04-snapshots\20260221_132223\files\Z_DROP_SPOUT_V04_REAL\build-run-v04-real.ps1
Z_DROP_SPOUT_V04_REAL	Z:\MediaPipe\Working-dir\_drop\Spout-v04-real	build-run-v04.ps1	1247	2026-02-20 12:01:43	BA3694DC27DB74F162EC35749A5A81A81BCD8264CB2115275227F0F473BC8116	Z:\MediaPipe\Working-dir\_drop\spout-v04-snapshots\20260221_132223\files\Z_DROP_SPOUT_V04_REAL\build-run-v04.ps1
Z_DROP_SPOUT_V04_REAL	Z:\MediaPipe\Working-dir\_drop\Spout-v04-real	CMakeLists.txt	1538	2026-02-20 22:44:20	533161FAC691F6AF0B3EAB4B8D13C6C9B1BF6C14F15B71FCF57EBD2BADFCDA9C	Z:\MediaPipe\Working-dir\_drop\spout-v04-snapshots\20260221_132223\files\Z_DROP_SPOUT_V04_REAL\CMakeLists.txt
Z_DROP_SPOUT_V04_REAL	Z:\MediaPipe\Working-dir\_drop\Spout-v04-real	convert_selfie_tflite_to_onnx.py	1348	2026-02-21 00:09:14	E89860446F17FB1538F997DB3CA88B72A8986CF0AE9E4DA74EC27F9CC30A8566	Z:\MediaPipe\Working-dir\_drop\spout-v04-snapshots\20260221_132223\files\Z_DROP_SPOUT_V04_REAL\convert_selfie_tflite_to_onnx.py
Z_DROP_SPOUT_V04_REAL	Z:\MediaPipe\Working-dir\_drop\Spout-v04-real	cpp_SpoutMaskSenderDX11_CMakeLists.txt	1621	2026-02-20 22:12:16	26E815B96A688AE71E302F76A677E7200625D84552BAEC8B0B710F0802A84556	Z:\MediaPipe\Working-dir\_drop\spout-v04-snapshots\20260221_132223\files\Z_DROP_SPOUT_V04_REAL\cpp_SpoutMaskSenderDX11_CMakeLists.txt
Z_DROP_SPOUT_V04_REAL	Z:\MediaPipe\Working-dir\_drop\Spout-v04-real	install-openvino.ps1	1301	2026-02-20 22:59:14	E2936999C6CBA9DD4834F66BDD4A7B0EE7FEDCA02EA7ECBFF2F2216FB52F28F9	Z:\MediaPipe\Working-dir\_drop\spout-v04-snapshots\20260221_132223\files\Z_DROP_SPOUT_V04_REAL\install-openvino.ps1
Z_DROP_SPOUT_V04_REAL	Z:\MediaPipe\Working-dir\_drop\Spout-v04-real	install-v04-real.ps1	1507	2026-02-20 19:36:02	B5A950C9E019E727CB93CF190EB65100FDFEF24056035AA37BB2B58FFE265271	Z:\MediaPipe\Working-dir\_drop\spout-v04-snapshots\20260221_132223\files\Z_DROP_SPOUT_V04_REAL\install-v04-real.ps1
Z_DROP_SPOUT_V04_REAL	Z:\MediaPipe\Working-dir\_drop\Spout-v04-real	main.cpp	12612	2026-02-20 22:38:47	391119DA065739B502EFB9F81F6D9D5162E1205E982B0A0498E346B44FB55973	Z:\MediaPipe\Working-dir\_drop\spout-v04-snapshots\20260221_132223\files\Z_DROP_SPOUT_V04_REAL\main.cpp
Z_DROP_SPOUT_V04_REAL	Z:\MediaPipe\Working-dir\_drop\Spout-v04-real	sender_config.json	275	2026-02-20 23:05:16	90ACD3E4C64903E7AE2B71EB7D585DEAFFAED20FED42A5F7AC87E5EDBEA6F0E5	Z:\MediaPipe\Working-dir\_drop\spout-v04-snapshots\20260221_132223\files\Z_DROP_SPOUT_V04_REAL\sender_config.json
Z_DROP_SPOUT_V04_REAL	Z:\MediaPipe\Working-dir\_drop\Spout-v04-real	SpoutFrameCount_fix.cpp	372	2026-02-20 19:36:39	1E22B577EFC947B92C4EA40439EF9EB0742043AC3D913F105938191DEA599B16	Z:\MediaPipe\Working-dir\_drop\spout-v04-snapshots\20260221_132223\files\Z_DROP_SPOUT_V04_REAL\SpoutFrameCount_fix.cpp
